Date,Datetime,Close_Real_EYAC2,Volume_EYAC2,Close_Dolar_EYAC2,Price_Dolar_Petro,Volume_Petro,Change%_Petro,√çndice_Ibovespa,Change%_Ibovespa,Value_IPCA
2022-01-03,2022-01-03 16:56:00,30.42360969,52705026.77,5.888174667595656,75.85,112.23,1.30%,103921.59,-7.149802548927653,0.54%
2022-01-04,2022-01-04 16:56:00,31.24725081,51739287.55,6.06424802724785,76.74,156.45,1.17%,103513.64,-11.448363319439547,0.54%
2022-01-05,2022-01-05 16:56:00,28.88218555,78459838.11,5.698706749930942,77.47,197.97,0.95%,101005.64,-14.514623361459556,0.54%
2022-01-06,2022-01-06 16:56:00,28.06553624,61163141.76,5.479837597625742,78.88,244.0,1.82%,101561.05,-7.166598675464975,0.54%
2022-01-07,2022-01-07 16:56:00,27.96691405,47507585.9,5.443257760952919,78.44,229.28,-0.56%,102719.47,-6.778470761531807,0.54%
2022-01-10,2022-01-10 16:56:00,29.00950839,37455194.96,5.529412242680695,77.7,210.84,-0.94%,101945.2,-5.184507823506723,0.54%
2022-01-11,2022-01-11 16:56:00,28.50826487,73623940.76,5.472781261638287,80.67,270.56,3.82%,103778.98,-5.4624958984457965,0.54%
2022-01-12,2022-01-12 16:56:00,28.1293027,81377968.6,5.465821292554018,82.02,303.16,1.67%,105685.66,-5.850891584751617,0.54%
2022-01-13,2022-01-13 16:56:00,34.06295487,76717505.08,6.499323577561534,81.62,289.31,-0.49%,105529.5,0.1767268986085701,0.54%
2022-01-14,2022-01-14 16:56:00,29.98285616,96458930.27,5.681368886193959,83.3,323.11,2.06%,106927.79,3.272291673326744,0.54%
2022-01-17,2022-01-17 16:56:00,31.11149836,35675841.14,5.958116774230614,83.69,404.3675,-0.17%,106373.87,3.420491037443729,0.54%
2022-01-18,2022-01-18 16:56:00,31.79449175,78198944.41,6.112797137254148,84.83,494.0,1.36%,106667.66,-2.7666755573559687,0.54%
2022-01-19,2022-01-19 16:56:00,34.68700926,77480247.23,6.625854188076637,85.8,511.05,1.14%,108013.47,-0.7869005807559559,0.54%
2022-01-20,2022-01-20 16:56:00,31.31644759,85353018.73,5.967993213782064,85.55,532.2,-0.29%,109101.99,4.1648371320343935,0.54%
2022-01-21,2022-01-21 16:56:00,32.02667767,61345484.27,6.100900594342318,84.14,159.57,-1.65%,108941.68,1.944123242124962,0.54%
2022-01-24,2022-01-24 16:56:00,30.35017191,79117131.74,5.771640564799848,82.41,153.83,-2.06%,107937.11,-1.6048304442842332,0.54%
2022-01-25,2022-01-25 16:56:00,35.79145815,98358485.13,6.749921386138613,84.37,223.59,2.38%,110203.77,-1.4552205306642585,0.54%
2022-01-26,2022-01-26 16:56:00,34.92888151,98679984.07,6.446821984126983,85.96,175.93,1.88%,111289.18,2.121994885145173,0.54%
2022-01-27,2022-01-27 16:56:00,31.45663334,90630633.58,5.795893676530199,85.29,153.94,-0.78%,112611.65,3.56260820184342,0.54%
2022-01-28,2022-01-28 16:56:00,35.08417682,117400446.2,6.53507000335283,85.43,144.85,0.16%,111910.1,3.0686638754372497,0.54%
2022-01-31,2022-01-31 16:56:00,30.64928633,62450098.94,5.781029920591508,86.49,144.7,1.24%,112143.51,-0.3044823085110781,0.54%
2022-02-01,2022-02-01 16:56:00,32.52100081,57315242.97,6.198608750595635,86.46,151.6,-0.03%,113228.31,-4.6747531992271885,1.01%
2022-02-02,2022-02-02 16:56:00,32.3815972,36271946.69,6.176275954147514,86.69,189.9,0.27%,111894.36,0.8733421320236134,1.01%
2022-02-03,2022-02-03 16:56:00,34.84137526,51087997.26,6.674592961685824,88.45,220.87,2.03%,111695.94,7.480976763346292,1.01%
2022-02-04,2022-02-04 16:56:00,32.63733008,59347006.55,6.282208592546966,90.33,175.47,2.13%,112244.94,8.434927029906403,1.01%
2022-02-07,2022-02-07 16:56:00,31.31115911,48868300.94,6.08775671456069,89.77,247.67,-0.62%,111996.4,9.031325804153775,1.01%
2022-02-08,2022-02-08 16:56:00,31.27143071,62590025.01,6.063174870094617,87.9,188.54,-2.08%,112234.46,2.902679094936178,1.01%
2022-02-09,2022-02-09 16:56:00,35.17835716,50960596.33,6.7997211095003385,88.53,255.17,0.72%,112461.39,4.860043502487299,1.01%
2022-02-10,2022-02-10 16:56:00,32.15976729,49534762.58,6.222263188545999,88.56,255.08,0.03%,113367.77,11.20461777503994,1.01%
2022-02-11,2022-02-11 16:56:00,32.8615753,88013245.92,6.347241863519595,91.42,310.81,3.23%,113572.35,9.436756846135896,1.01%
2022-02-14,2022-02-14 16:56:00,35.02379875,55687170.6,6.668151464092605,93.5,213.15,2.28%,113899.19,6.51972700455139,1.01%
2022-02-15,2022-02-15 16:56:00,34.37630879,65688806.34,6.507583301467109,90.21,258.03,-3.52%,114828.18,10.682276491851184,1.01%
2022-02-16,2022-02-16 16:56:00,33.9726454,65811571.23,6.513410291805667,91.83,351.33,1.80%,115180.95,11.030957022466946,1.01%
2022-02-17,2022-02-17 16:56:00,32.93700527,43255256.05,6.310980124544932,90.04,442.04,-1.95%,113528.48,6.725909285804876,1.01%
2022-02-18,2022-02-18 16:56:00,32.20485196,60304674.27,6.162428618446231,90.21,566.36,0.19%,112879.85,5.8238738901744025,1.01%
2022-02-21,2022-02-21 16:56:00,34.52744886,51264019.7,6.567150194004869,92.65,486.8925,1.12%,111725.3,2.55514693733383,1.01%
2022-02-22,2022-02-22 16:56:00,33.90752882,80206754.6,6.4470336578316925,91.91,789.04,-0.80%,112891.8,5.080983391158456,1.01%
2022-02-23,2022-02-23 16:56:00,34.73082934,86529881.05,6.540276319605296,90.69,150.13,-1.33%,112007.61,4.143214340438894,1.01%
2022-02-24,2022-02-24 16:56:00,32.34088092,139674282.5,6.064066774169354,90.94,289.12,0.28%,111591.87,3.386008760101133,1.01%
2022-02-25,2022-02-25 16:56:00,34.42127725,86189047.35,6.489193358344017,89.89,160.46,-1.15%,113141.94,2.666124761430577,1.01%
2022-03-02,2022-03-02 16:56:00,36.40051288,58071898.87,6.896256916052518,107.06,219.17,6.84%,115173.61,2.9306660317821143,1.62%
2022-03-03,2022-03-03 16:56:00,34.3676043,69237500.47,6.497817076629294,104.61,190.66,-2.29%,115165.55,3.1062991188399502,1.62%
2022-03-04,2022-03-04 16:56:00,33.4583479,55417841.67,6.261504238794798,112.11,167.99,7.17%,114473.78,1.9856930744494905,1.62%
2022-03-07,2022-03-07 16:56:00,30.85384656,110954329.3,5.769446606081005,115.8,202.56,3.29%,111593.46,-0.3597794214813987,1.62%
2022-03-08,2022-03-08 16:56:00,32.54954568,111633448.5,6.0047864959598565,119.65,200.16,3.32%,111203.45,-0.9186216069467568,1.62%
2022-03-09,2022-03-09 16:56:00,32.89481688,87779244.87,6.072179292267366,105.05,249.98,-12.20%,113900.34,1.279505793054847,1.62%
2022-03-10,2022-03-10 16:56:00,32.7314808,136437809.4,6.017480016178255,102.99,203.84,-1.96%,113663.13,0.2605326011087649,1.62%
2022-03-11,2022-03-11 16:56:00,33.18810808,92153855.99,6.1560920925228615,106.3,166.35,3.21%,111713.07,-1.6370886047528233,1.62%
2022-03-14,2022-03-14 16:56:00,30.40323015,52274043.26,5.609038106043834,101.18,162.18,-4.82%,109927.62,-3.48691680774903,1.62%
2022-03-15,2022-03-15 16:56:00,27.42066206,66272194.22,5.021087703942429,94.79,205.7,-6.32%,108959.3,-5.111010206727995,1.62%
2022-03-16,2022-03-16 16:56:00,28.8283767,72034847.22,5.232295170335953,93.59,163.42,-1.27%,111112.43,-3.5322855038094403,1.62%
2022-03-17,2022-03-17 16:56:00,30.54257354,178319534.2,5.539095672832789,101.65,221.54,8.61%,113076.33,-0.3982701080821216,1.62%
2022-03-18,2022-03-18 16:56:00,29.26395845,93097127.32,5.312605920049379,103.09,207.44,1.42%,115310.91,2.153670473516756,1.62%
2022-03-21,2022-03-21 16:56:00,32.75663601,67700806.59,5.938368776853212,109.97,279.31,6.67%,116154.53,3.9643930246774817,1.62%
2022-03-22,2022-03-22 16:56:00,31.64848219,56128622.4,5.705410428872744,109.27,318.63,-0.64%,117272.44,3.880388123849565,1.62%
2022-03-23,2022-03-23 16:56:00,33.76206371,52956059.55,6.139896651996799,111.99,120.34,2.49%,117457.34,4.865499763810677,1.62%
2022-03-24,2022-03-24 16:56:00,32.58354453,49402760.74,5.977535228398459,109.43,106.02,-2.29%,119052.91,6.686006785261345,1.62%
2022-03-25,2022-03-25 16:56:00,32.05392626,51780351.38,5.807607171199246,111.06,103.66,1.49%,119081.13,5.249326642269003,1.62%
2022-03-28,2022-03-28 16:56:00,32.482265,68610820.55,5.850446677833612,103.42,125.75,-6.88%,118737.78,6.1010400312393465,1.62%
2022-03-29,2022-03-29 16:56:00,28.01672246,93809229.68,5.041608475643771,102.05,119.63,-1.32%,120014.17,8.869513613024193,1.62%
2022-03-30,2022-03-30 16:56:00,32.86626267,69648433.95,5.824976103716569,105.68,83.36,3.56%,120259.76,9.591468871258456,1.62%
2022-03-31,2022-03-31 16:56:00,33.02555447,94269456.78,5.782088427263337,98.52,185.64,-6.78%,119999.23,7.0050598558935695,1.62%
2022-04-01,2022-04-01 16:56:00,34.17447923,72545524.92,6.105529314133601,97.9,132.55,-0.63%,121570.15,7.367274138419977,1.06%
2022-04-04,2022-04-04 16:56:00,34.15733775,56053141.68,6.121386693548388,101.84,123.55,4.02%,121279.51,5.945230427439352,1.06%
2022-04-05,2022-04-05 16:56:00,32.39650443,45847292.08,5.819696486248586,100.68,107.31,-1.14%,118885.15,17.701496668898887,1.06%
2022-04-06,2022-04-06 16:56:00,29.89578105,56946989.16,5.326737411802437,95.41,159.99,-5.23%,118227.75,16.410523522551212,1.06%
2022-04-07,2022-04-07 16:56:00,35.89270005,118469333.6,6.360570627325891,95.51,168.76,0.10%,118862.12,6.513517906873734,1.06%
2022-04-08,2022-04-08 16:56:00,34.54810924,60772883.87,6.093785804494303,97.73,135.35,2.32%,118322.26,6.401608942888015,1.06%
2022-04-11,2022-04-11 16:56:00,34.70885154,48125171.88,6.1245150232919245,93.92,156.57,-3.90%,116952.85,4.6903911959451206,1.06%
2022-04-12,2022-04-12 16:56:00,33.18419238,68523140.49,5.931892384970148,100.15,168.89,6.63%,116146.86,9.898410058658856,1.06%
2022-04-13,2022-04-13 16:56:00,32.31292633,101438581.6,5.826873380218196,103.79,186.11,3.63%,116781.96,10.662857305303252,1.06%
2022-04-14,2022-04-14 16:56:00,30.65745465,119382016.0,5.511254363888039,106.38,159.77,2.50%,116181.61,5.689188940868561,1.06%
2022-04-18,2022-04-18 16:56:00,29.53411112,76350605.68,5.374039907564095,107.61,202.72,1.16%,115687.25,0.3263698118417313,1.06%
2022-04-19,2022-04-19 16:56:00,30.47833227,88494088.31,5.583134689503573,102.05,339.81,-5.17%,115056.66,6.520658951147484,1.06%
2022-04-20,2022-04-20 16:56:00,29.94526311,34694705.09,5.527914033338871,102.19,299.03,0.14%,114343.78,4.804486150985876,1.06%
2022-04-22,2022-04-22 16:56:00,30.92261385,74560837.24,5.705384573516117,101.05,60.24,-1.86%,111077.51,-5.2825113897178255,1.06%
2022-04-25,2022-04-25 16:56:00,29.95760249,66413910.31,5.469510423208939,97.67,87.65,-3.34%,110684.95,-7.050806454389546,1.06%
2022-04-26,2022-04-26 16:56:00,28.85698617,48764073.47,5.247392608150128,100.41,100.12,2.81%,108212.86,-2.7642579449322917,1.06%
2022-04-27,2022-04-27 16:56:00,31.7613081,41881429.9,5.725853272038941,100.68,76.99,0.27%,109349.37,-2.8969294029525305,1.06%
2022-04-28,2022-04-28 16:56:00,26.44059059,43298393.34,4.756870788356362,103.47,104.93,2.77%,109918.97,-7.427130606619059,1.06%
2022-04-29,2022-04-29 16:56:00,28.52786731,76243990.69,5.108767269568955,102.94,98.35,-0.51%,107876.16,-10.11381406045636,1.06%
2022-05-02,2022-05-02 16:56:00,29.9440769,72456457.12,5.303967142553493,103.42,89.43,0.47%,106638.64,-7.410525727204353,0.47%
2022-05-03,2022-05-03 16:56:00,31.03610366,52531208.97,5.539490542060078,100.9,97.51,-2.44%,106528.09,-7.50003798879092,0.47%
2022-05-04,2022-05-04 16:56:00,32.83860062,109417326.0,5.891388701112308,106.22,92.05,5.27%,108343.74,-10.666080362626785,0.47%
2022-05-05,2022-05-05 16:56:00,30.474108,99440006.54,5.45495533876309,106.74,97.44,0.49%,105304.19,-11.423596639277475,0.47%
2022-05-06,2022-05-06 16:56:00,32.58078828,129570269.0,5.805764332299797,108.33,119.33,1.49%,105134.73,-11.074405120625242,0.47%
2022-05-09,2022-05-09 16:56:00,34.46611428,92314755.81,6.132869673837612,101.77,148.44,-6.06%,103250.02,-9.35056032317374,0.47%
2022-05-10,2022-05-10 16:56:00,33.2023686,60330862.22,5.911260611024071,98.45,156.44,-3.26%,103109.94,-9.284620263404674,0.47%
2022-05-11,2022-05-11 16:56:00,32.22780902,108895230.4,5.719728284674772,104.03,179.72,5.67%,104396.9,-10.735907675614587,0.47%
2022-05-12,2022-05-12 16:56:00,33.88315814,114415973.0,6.004245488375389,104.4,179.61,0.36%,105687.64,-9.005168112164208,0.47%
2022-05-13,2022-05-13 16:56:00,33.4882067,67000078.73,5.887829298310389,108.63,134.31,4.05%,106924.18,-8.441183895183823,0.47%
2022-05-16,2022-05-16 16:56:00,34.8815436,92075225.69,6.183464856145078,111.82,166.04,2.94%,108232.74,-2.591690236636879,0.47%
2022-05-17,2022-05-17 16:56:00,34.18716292,90914714.82,6.129038333422973,109.63,204.75,-1.96%,108789.33,-3.791244374485802,0.47%
2022-05-18,2022-05-18 16:56:00,31.16073735,80986208.47,5.608080294795191,107.04,311.84,-2.36%,106247.15,-8.160017633749616,0.47%
2022-05-19,2022-05-19 16:56:00,33.54418664,63982976.9,5.9974230104950745,109.89,340.08,2.66%,107005.22,-6.997804386117245,0.47%
2022-05-20,2022-05-20 16:56:00,36.34226184,79589730.79,6.448579917312845,110.28,229.93,0.35%,108487.88,-5.121310490172704,0.47%
2022-05-23,2022-05-23 16:56:00,36.34865133,93807627.75,6.4378334301553295,107.54,70.51,-2.48%,110345.82,-6.05455563696572,0.47%
2022-05-24,2022-05-24 16:56:00,32.91804104,154453258.5,5.762256208097747,107.2,65.22,-0.32%,110580.79,-7.116264524739469,0.47%
2022-05-25,2022-05-25 16:56:00,32.34665274,69991947.74,5.678537426048488,107.75,56.92,0.51%,110579.81,-0.0949903306637467,0.47%
2022-05-26,2022-05-26 16:56:00,33.07032271,78303574.49,5.805987238188872,111.25,78.22,3.25%,111889.88,3.397951038351632,0.47%
2022-05-27,2022-05-27 16:56:00,29.95195978,118295736.9,5.249664320392604,112.23,57.72,0.88%,111941.68,2.370667521907066,0.47%
2022-05-30,2022-05-30 16:56:00,27.76770813,98110391.37,4.839940760301192,117.61,85.13,1.73%,111032.11,-7.673098632493525,0.47%
2022-05-31,2022-05-31 16:56:00,26.40888178,83598090.16,4.616856659848604,111.91,113.51,-4.85%,111350.51,-7.207312913591202,0.47%
2022-06-01,2022-06-01 16:56:00,27.9339546,46353407.86,4.908443964153928,112.72,91.07,0.72%,111359.94,-8.39861594314064,0.67%
2022-06-02,2022-06-02 16:56:00,28.14354881,50738601.1,4.973149230443004,114.3,114.86,1.40%,112392.91,5.396045936069704,0.67%
2022-06-03,2022-06-03 16:56:00,28.68271734,60396904.57,5.063145161518094,116.23,74.48,1.69%,111102.32,4.293919096831655,0.67%
2022-06-06,2022-06-06 16:56:00,29.91495218,39213967.3,5.300498277756122,116.06,77.61,-0.15%,110185.91,4.804482781284558,0.67%
2022-06-07,2022-06-07 16:56:00,28.60120995,80333689.76,5.051521565198962,117.1,140.8,0.90%,110069.76,-7.39710851531169,0.67%
2022-06-08,2022-06-08 16:56:00,30.60285265,65924010.43,5.483890807275333,119.78,131.93,2.29%,108367.67,-8.413116855611102,0.67%
2022-06-09,2022-06-09 16:56:00,28.12553749,53878973.5,5.039967295045247,119.09,122.09,-0.58%,107093.71,3.722701458072364,0.67%
2022-06-10,2022-06-10 16:56:00,30.50943397,63101591.31,5.418216265605854,118.12,133.85,-0.81%,105481.23,2.2997685771129373,0.67%
2022-06-13,2022-06-13 16:56:00,26.65266241,64507154.69,4.694353672326336,118.25,150.05,0.11%,102598.18,-4.045857541297016,0.67%
2022-06-14,2022-06-14 16:56:00,29.08278739,68816868.11,5.135760999858728,116.26,203.95,-1.68%,102063.25,-12.151974826308564,0.67%
2022-06-15,2022-06-15 16:56:00,30.13469061,72785779.07,5.28289516671926,113.09,198.93,-2.73%,102806.82,-5.646585468151866,0.67%
2022-06-17,2022-06-17 16:56:00,27.59257019,184606358.6,4.861869890578472,107.99,426.0,-6.30%,99824.94,-8.240137153156468,0.67%
2022-06-20,2022-06-20 16:56:00,29.13263482,92582020.43,5.134770660603497,108.84,321.5775,-0.09%,99852.67,-7.959608022573583,0.67%
2022-06-21,2022-06-21 16:56:00,27.14860603,85179647.59,4.817768279178718,109.52,427.26,0.62%,99684.5,-14.179412546372491,0.67%
2022-06-22,2022-06-22 16:56:00,27.15144904,57874612.23,4.882388203772635,103.99,141.2,-5.05%,99522.32,-10.40281691586351,0.67%
2022-06-23,2022-06-23 16:56:00,27.46866175,69262355.05,4.97206345255765,101.58,120.06,-2.32%,98080.34,-11.115491280050303,0.67%
2022-06-24,2022-06-24 16:56:00,29.01847327,53413312.95,5.24281798587147,104.45,116.65,2.83%,98672.26,-10.76907661809976,0.67%
2022-06-27,2022-06-27 16:56:00,28.70693876,90417932.88,5.2139450688365,106.38,90.13,1.85%,100763.6,-9.985628230700115,0.67%
2022-06-28,2022-06-28 16:56:00,28.81100231,51388069.42,5.218155563001467,108.89,107.61,2.36%,100591.41,-8.485850986412991,0.67%
2022-06-29,2022-06-29 16:56:00,29.10860484,52048587.48,5.294591443850268,107.01,101.28,-1.73%,99621.58,-7.651903812668159,0.67%
2022-06-30,2022-06-30 16:56:00,25.72429984,49909791.96,4.7491599601225865,103.1,156.01,-3.65%,98541.95,-11.24914225263305,0.67%
2022-07-01,2022-07-01 16:56:00,28.28836531,64948187.12,5.19997156486094,105.39,99.69,2.22%,98953.9,-11.140487324256831,-0.68%
2022-07-04,2022-07-04 16:56:00,29.13700187,37324176.98,5.306319772354763,110.4,155.41750000000002,2.04%,98608.76,-8.985272245539988,-0.68%
2022-07-05,2022-07-05 16:56:00,26.34401166,78428563.62,4.792347175783595,96.52,199.37,-12.57%,98294.64,-6.656477771682212,-0.68%
2022-07-06,2022-07-06 16:56:00,27.60608037,57617154.27,5.081746625800751,94.98,166.6,-1.60%,98718.98,-10.406893222554505,-0.68%
2022-07-07,2022-07-07 16:56:00,28.09713633,52147311.34,5.221351432765927,99.25,144.92,4.50%,100729.72,-8.485564064098982,-0.68%
2022-07-08,2022-07-08 16:56:00,30.2892668,43097952.75,5.613905697445972,101.53,124.09,2.30%,100288.94,-7.454926363185621,-0.68%
2022-07-11,2022-07-11 16:56:00,28.42223765,39577534.38,5.305229710307239,101.21,142.49,-0.32%,98212.46,-5.923969006742524,-0.68%
2022-07-12,2022-07-12 16:56:00,28.64143731,46461750.76,5.423487466388942,93.31,191.25,-7.81%,98271.21,-7.017310633485607,-0.68%
2022-07-13,2022-07-13 16:56:00,32.06942186,35497122.6,6.055861821134526,93.83,187.17,0.56%,97881.16,-4.597566935397868,-0.68%
2022-07-14,2022-07-14 16:56:00,25.18826441,47151008.53,4.750262029231494,92.83,255.52,-1.07%,96120.85,-5.822271973506621,-0.68%
2022-07-15,2022-07-15 16:56:00,29.22319744,38610683.21,5.484422610915096,94.57,189.25,1.87%,96551.0,-6.085024320370969,-0.68%
2022-07-18,2022-07-18 16:56:00,27.75047004,46782333.81,5.244546716307902,99.42,291.7,5.13%,96916.13,-8.782372044803077,-0.68%
2022-07-19,2022-07-19 16:56:00,31.27276473,48562131.08,5.93422355832179,100.74,327.21,1.33%,98244.8,-8.186909012476207,-0.68%
2022-07-20,2022-07-20 16:56:00,27.34885791,43520645.12,5.186092331468664,99.88,315.62,-0.85%,98286.83,-1.5681503559193732,-0.68%
2022-07-21,2022-07-21 16:56:00,28.94311992,58843286.56,5.55519470259688,93.78,106.7,-6.11%,99033.17,-0.6533914500248317,-0.68%
2022-07-22,2022-07-22 16:56:00,30.70570266,55676218.65,5.906419424086791,92.43,106.6,-1.44%,98924.82,-0.6003678370841814,-0.68%
2022-07-25,2022-07-25 16:56:00,32.74155225,79106870.69,6.283643390396499,94.42,92.7,2.15%,100269.85,-9.323546495513057,-0.68%
2022-07-26,2022-07-26 16:56:00,29.8821905,78360249.42,5.75975607640562,92.88,89.07,-1.63%,99771.69,-10.83046116413745,-0.68%
2022-07-27,2022-07-27 16:56:00,31.75157686,56097383.66,6.149830885144295,95.29,105.4,2.59%,101437.96,0.6692496099782064,-0.68%
2022-07-28,2022-07-28 16:56:00,34.46293932,114996833.0,6.683397521574711,94.65,96.14,-0.67%,102596.66,1.993460475402431,-0.68%
2022-07-29,2022-07-29 16:56:00,33.80713614,181480401.8,6.585078817273418,96.75,116.64,2.22%,103164.69,3.556568767530077,-0.68%
2022-08-01,2022-08-01 16:56:00,33.97029946,81365040.08,6.661234868717767,92.39,144.82,-4.51%,102225.08,3.3057615718026456,-0.36%
2022-08-02,2022-08-02 16:56:00,33.2841592,69146800.92,6.576467408270929,93.22,133.9,0.90%,103361.7,-8.035391200387998,-0.36%
2022-08-03,2022-08-03 16:56:00,32.96299294,65544693.6,6.573797527072572,89.74,141.6,-3.73%,103774.68,-6.595397827876148,-0.36%
2022-08-04,2022-08-04 16:56:00,33.46586258,54387430.8,6.53962218704811,87.56,107.06,-2.43%,105892.22,7.386220047792924,-0.36%
2022-08-05,2022-08-05 16:56:00,30.97468922,77882698.08,6.026907658481535,88.08,134.18,0.59%,106471.92,8.319151481708452,-0.36%
2022-08-08,2022-08-08 16:56:00,35.90099899,109484296.0,6.991839638148285,89.93,130.08,2.10%,108402.27,8.08995488435713,-0.36%
2022-08-09,2022-08-09 16:56:00,33.06719294,79051317.86,6.550683044434319,89.67,130.89,-0.29%,108651.05,1.4541843774018126,-0.36%
2022-08-10,2022-08-10 16:56:00,37.14792091,78369686.6,7.318633695181056,91.2,157.22,1.71%,110235.76,4.507465451436232,-0.36%
2022-08-11,2022-08-11 16:56:00,36.82570395,128896537.0,7.280828792581901,93.53,162.98,2.55%,109717.94,11.71488831457841,-0.36%
2022-08-12,2022-08-12 16:56:00,31.70057222,171287908.0,6.227643207669489,91.46,132.28,-2.21%,112764.26,14.748012159410662,-0.36%
2022-08-15,2022-08-15 16:56:00,29.47220719,96759187.9,5.883380682317243,88.85,134.21,-2.85%,113031.98,17.069714451429817,-0.36%
2022-08-16,2022-08-16 16:56:00,31.02389875,64218710.58,6.141765238651436,86.16,191.53,-3.03%,113512.38,4.878043372088703,-0.36%
2022-08-17,2022-08-17 16:56:00,30.77833026,72924755.6,6.124431451596856,87.69,187.6,1.78%,113707.76,13.907165884597571,-0.36%
2022-08-18,2022-08-18 16:56:00,35.23995762,84552489.2,6.957955578810195,90.11,247.56,2.76%,113812.87,17.434394047719405,-0.36%
2022-08-19,2022-08-19 16:56:00,29.51182122,125178196.0,5.751222126515181,90.44,255.42,0.37%,111496.21,13.488154080419523,-0.36%
2022-08-22,2022-08-22 16:56:00,33.98200762,92400014.93,6.625852091173201,90.36,352.67,-0.09%,110500.53,11.701522428850495,-0.36%
2022-08-23,2022-08-23 16:56:00,36.21044627,73215575.92,7.133095553935861,93.25,92.18,3.20%,112857.1,15.065975505386708,-0.36%
2022-08-24,2022-08-24 16:56:00,32.57009841,61067855.32,6.460910993632342,94.4,92.6,1.23%,112897.84,14.417000279511182,-0.36%
2022-08-25,2022-08-25 16:56:00,34.46526326,99511668.4,6.939407896750293,92.19,81.5,-2.34%,113531.72,13.226179155548756,-0.36%
2022-08-26,2022-08-26 16:56:00,34.86099799,63545366.33,7.084416759470005,92.39,100.62,0.22%,112298.86,12.555836229696029,-0.36%
2022-08-29,2022-08-29 16:56:00,34.99992572,73339585.5,7.186252817017083,96.19,85.04,4.11%,112323.12,8.877485116273798,-0.36%
2022-08-30,2022-08-30 16:56:00,28.23697049,99361197.49,5.87450235920694,91.17,120.37,-5.22%,110430.64,12.064597869232353,-0.36%
2022-08-31,2022-08-31 16:56:00,32.03340056,114235388.8,6.704072780544975,89.03,99.45,-2.35%,109522.88,-1.6413306054907095,-0.36%
2022-09-01,2022-09-01 16:56:00,36.04603375,69184735.46,7.5244825696691375,86.22,85.18,-3.16%,110405.3,8.002165417723317,-0.29%
2022-09-02,2022-09-02 16:56:00,32.6976891,81792454.15,6.885753506296592,86.48,81.8,0.30%,110864.24,7.258529997087915,-0.29%
2022-09-05,2022-09-05 16:56:00,30.77899539,76337776.14,6.480197778807082,88.96,98.7225,0.80%,112203.35,5.383043717066438,-0.29%
2022-09-06,2022-09-06 16:56:00,34.99737685,111813424.4,7.386841329308963,86.51,104.66,-2.75%,109763.77,11.18811195172398,-0.29%
2022-09-08,2022-09-08 16:56:00,31.45250282,63159986.87,6.694300787502128,83.07,131.42,1.76%,109915.64,1.3960685509629922,-0.29%
2022-09-09,2022-09-09 16:56:00,31.4303179,49872046.51,6.806782436383324,86.36,139.12,3.96%,112300.41,3.3587894456611256,-0.29%
2022-09-12,2022-09-12 16:56:00,31.15437664,71374608.42,6.714305310344828,87.41,133.78,1.22%,113406.55,0.5695864984171406,-0.29%
2022-09-13,2022-09-13 16:56:00,30.45467442,88327499.58,6.48427074754615,86.89,183.48,-0.59%,110793.96,13.192324242990171,-0.29%
2022-09-14,2022-09-14 16:56:00,30.28037406,49039622.17,6.385300927839399,88.05,208.02,1.34%,110546.67,15.008002946291032,-0.29%
2022-09-15,2022-09-15 16:56:00,30.48114945,45553367.54,6.415328320670133,84.65,182.29,-3.86%,109953.65,-2.7234150901364385,-0.29%
2022-09-16,2022-09-16 16:56:00,33.47042919,107303562.3,7.11758196491228,84.76,231.14,0.13%,109280.37,-3.7282365148189167,-0.29%
2022-09-19,2022-09-19 16:56:00,31.29301668,65559791.23,6.732142219736248,85.36,262.9,0.71%,111823.89,0.2938933978114511,-0.29%
2022-09-20,2022-09-20 16:56:00,28.65913435,67798320.25,6.122307652047596,83.94,279.81,-1.66%,112516.91,14.47811471791287,-0.29%
2022-09-21,2022-09-21 16:56:00,29.90774726,58811986.22,6.342030463548073,82.43,144.13,-1.80%,111935.86,13.02865494460088,-0.29%
2022-09-22,2022-09-22 16:56:00,32.73787129,69764222.72,7.003352434432893,83.03,121.08,0.73%,114070.48,3.230708486194578,-0.29%
2022-09-23,2022-09-23 16:56:00,28.06968876,138630571.5,6.015277035830618,78.25,143.23,-5.76%,111716.0,-1.0111016497854397,-0.29%
2022-09-26,2022-09-26 16:56:00,29.85950277,80026088.44,6.435653764251998,76.18,106.23,-2.65%,109114.16,-2.8359148080398966,-0.29%
2022-09-27,2022-09-27 16:56:00,28.25898449,71087697.05,5.971133095972616,77.81,123.82,2.14%,108376.35,6.840033060601769,-0.29%
2022-09-28,2022-09-28 16:56:00,31.52263154,104670540.2,6.45717389897169,81.24,156.31,4.41%,108451.2,5.70636509999447,-0.29%
2022-09-29,2022-09-29 16:56:00,29.35923192,87536555.51,5.911334095759675,80.42,127.46,-1.01%,107664.35,-4.1476501008875015,-0.29%
2022-09-30,2022-09-30 16:56:00,31.12836352,121637156.0,6.204948177088524,78.72,95.34,-2.11%,110036.79,-0.3566492053292514,-0.29%
2022-10-03,2022-10-03 16:56:00,29.96540939,179693870.9,5.9799260407104375,82.7,135.99,5.06%,116134.46,11.910207769371103,0.59%
2022-10-04,2022-10-04 16:56:00,32.5047423,115917217.4,6.607863694578276,85.5,156.0,3.39%,116230.12,9.762662450555858,0.59%
2022-10-05,2022-10-05 16:56:00,33.73114496,92893755.5,6.710528977837902,86.84,160.03,1.57%,117197.82,4.451266383757702,0.59%
2022-10-06,2022-10-06 16:56:00,34.10944165,82672076.7,6.799179071899855,87.59,108.49,0.86%,117560.83,7.103491434377651,0.59%
2022-10-07,2022-10-07 16:56:00,33.14248045,73499970.83,6.616189976643444,91.35,242.27,4.29%,116375.25,15.53218851397582,0.59%
2022-10-10,2022-10-10 16:56:00,30.94163022,52222525.76,6.182020383209127,89.84,156.09,-1.65%,115940.64,5.175162760251295,0.59%
2022-10-11,2022-10-11 16:56:00,37.58440651,58332422.43,7.405794386206897,87.97,187.52,-2.08%,114827.12,4.656649587114004,0.59%
2022-10-13,2022-10-13 16:56:00,34.24868731,91144008.51,6.670955845344761,87.95,185.66,2.20%,114300.09,3.1645497642651232,0.59%
2022-10-14,2022-10-14 16:56:00,37.69889323,62246172.2,7.335842231951742,84.65,161.13,-3.75%,112072.34,1.3801139373985638,0.59%
2022-10-17,2022-10-17 16:56:00,33.7001221,100936364.1,6.5764035008976665,84.53,174.19,-0.14%,113623.98,-0.0736801076725135,0.59%
2022-10-18,2022-10-18 16:56:00,36.64889408,82313189.01,7.118778229284021,82.07,367.5,-2.91%,115743.07,1.6959417682727906,0.59%
2022-10-19,2022-10-19 16:56:00,37.54087762,113701058.5,7.350147355849242,84.52,357.72,2.99%,116274.24,3.979784641725481,0.59%
2022-10-20,2022-10-20 16:56:00,35.82730866,114347219.8,7.071272383847155,84.51,338.34,-0.01%,117171.11,4.136444913035731,0.59%
2022-10-21,2022-10-21 16:56:00,35.34109355,139601289.7,7.114319500362347,83.95,83.09,-0.66%,119928.79,7.140633930895768,0.59%
2022-10-24,2022-10-24 16:56:00,35.79040072,142110683.8,7.216970624294241,83.59,58.38,-0.43%,116012.7,2.759007612545994,0.59%
2022-10-25,2022-10-25 16:56:00,33.91194342,113161282.8,6.892951628114964,84.31,77.8,0.86%,114625.59,0.963492845876024,0.59%
2022-10-26,2022-10-26 16:56:00,33.28548269,121334573.5,6.824011868298584,86.68,80.03,2.81%,112763.79,3.344781282282683,0.59%
2022-10-27,2022-10-27 16:56:00,32.28298537,111008740.2,6.72940724365789,87.83,110.53,1.33%,114640.76,5.780237108926434,0.59%
2022-10-28,2022-10-28 16:56:00,32.30784588,129745464.0,6.715970124308819,86.61,78.71,-1.39%,114539.05,5.613446416452761,0.59%
2022-10-31,2022-10-31 16:56:00,30.54155245,262409224.1,6.3155880911515965,85.4,81.4,-1.40%,116037.08,5.947798304792573,0.59%
2022-11-01,2022-11-01 16:56:00,27.89771014,115944131.7,5.816021460587487,87.19,81.92,2.10%,116928.66,5.908556926162056,0.41%
2022-11-03,2022-11-03 16:56:00,27.69342409,139062504.8,5.838306718809292,87.18,80.43,-1.89%,116896.36,0.6560498925125113,0.41%
2022-11-04,2022-11-04 16:56:00,29.68080455,195360957.2,6.286175141901051,91.45,104.87,4.90%,118155.46,1.65648972916832,0.41%
2022-11-07,2022-11-07 16:56:00,28.78444907,117206454.7,6.086922766393876,90.73,143.34,-0.79%,115342.4,-0.8875168904041053,0.41%
2022-11-08,2022-11-08 16:56:00,29.72806883,94745317.64,6.223818450748456,88.0,162.91,-3.01%,116160.35,5.681366182283076,0.41%
2022-11-09,2022-11-09 16:56:00,25.61995163,103303635.3,5.350978848764594,85.0,200.28,-3.41%,113580.09,1.139514984851786,0.41%
2022-11-10,2022-11-10 16:56:00,26.5339966,145470116.5,5.532987863875218,85.66,160.49,0.78%,109775.46,-5.317531454026813,0.41%
2022-11-11,2022-11-11 16:56:00,28.34843127,146365657.5,5.925799299734526,88.16,154.79,2.92%,112253.49,-2.241308499246508,0.41%
2022-11-14,2022-11-14 16:56:00,27.11116562,66639404.01,5.543185430084442,85.16,183.53,-3.40%,113161.28,0.9716402816252412,0.41%
2022-11-16,2022-11-16 16:56:00,28.85625062,85549678.59,5.923970072468231,85.0,191.29,-1.45%,110243.33,0.8811829608556421,0.41%
2022-11-17,2022-11-17 16:56:00,26.84270458,101525671.6,5.483586562072276,81.4,390.06,-4.24%,109702.78,-3.451032079671912,0.41%
2022-11-18,2022-11-18 16:56:00,28.07123362,127683406.1,5.632722052331648,80.11,480.54,-1.58%,108870.17,-5.938066097607408,0.41%
2022-11-21,2022-11-21 16:56:00,27.75707932,164897983.2,5.439045190367017,80.04,475.1,-0.09%,109748.18,-8.488879109011272,0.41%
2022-11-22,2022-11-22 16:56:00,23.69800943,164261089.4,4.628246280491377,80.73,85.2,0.86%,109036.54,-4.4130085189437285,0.41%
2022-11-23,2022-11-23 16:56:00,23.89416463,77317475.52,4.674223797413877,78.07,120.39,-3.29%,108841.15,-2.5733556518314327,0.41%
2022-11-24,2022-11-24 16:56:00,26.76582967,94233969.43,5.2161888156997245,77.95,99.4325,-0.15%,111831.16,-3.604381244467192,0.41%
2022-11-25,2022-11-25 16:56:00,24.40932783,58636000.45,4.726734151158962,76.43,59.52,-1.95%,108976.7,-4.928122943576563,0.41%
2022-11-28,2022-11-28 16:56:00,26.3048641,56067285.24,5.1115122031790445,77.33,132.62,1.18%,108782.15,-5.026146104756424,0.41%
2022-11-29,2022-11-29 16:56:00,23.88056413,96151360.17,4.636192535285096,78.28,109.11,1.23%,110909.61,3.0142382320610173,0.41%
2022-11-30,2022-11-30 16:56:00,26.55344489,120774846.9,5.122884048772018,80.66,90.29,3.04%,112486.01,2.2258192010145006,0.41%
2022-12-01,2022-12-01 16:56:00,23.49605038,71259581.97,4.48963396262468,81.14,116.2,0.60%,110925.6,-5.133950906475793,0.62%
2022-12-02,2022-12-02 16:56:00,25.52475959,66301012.19,4.888489598575094,80.05,96.43,-1.34%,111923.93,0.9558447340639152,0.62%
2022-12-05,2022-12-05 16:56:00,24.32267398,56065048.67,4.661391360509017,77.08,105.02,-3.71%,109401.41,-6.652350700721232,0.62%
2022-12-06,2022-12-06 16:56:00,26.09458796,74991037.65,4.992459623478993,74.46,120.67,-3.40%,110188.57,-6.271017310782845,0.62%
2022-12-07,2022-12-07 16:56:00,25.76080397,57008619.83,4.918061086292478,72.28,148.54,-2.93%,109068.55,-5.43932673500811,0.62%
2022-12-08,2022-12-08 16:56:00,22.23705647,55567619.32,4.184459837793082,71.58,245.39,-0.97%,107249.04,-7.671559185212518,0.62%
2022-12-09,2022-12-09 16:56:00,26.40309399,61586272.62,4.978146609977752,71.21,146.59,-0.52%,107519.56,-5.335908784717458,0.62%
2022-12-12,2022-12-12 16:56:00,24.02734474,111293088.2,4.457846108462124,73.28,148.97,2.91%,105343.33,-7.110012605092031,0.62%
2022-12-13,2022-12-13 16:56:00,23.79911697,102533145.5,4.38120008284089,75.44,190.74,2.95%,103539.67,-9.41418331341646,0.62%
2022-12-14,2022-12-14 16:56:00,23.45178933,319501475.3,4.372071090604027,77.31,185.52,2.48%,103745.77,-8.320434339378268,0.62%
2022-12-15,2022-12-15 16:56:00,23.70483743,132385535.6,4.465365149003504,76.15,188.5,-1.50%,103737.69,-5.653254803273922,0.62%
2022-12-16,2022-12-16 16:56:00,22.34891424,90767289.29,4.179163797520429,74.46,271.86,-2.22%,102855.7,-6.701203601161176,0.62%
2022-12-19,2022-12-19 16:56:00,20.64273953,63074012.21,3.8142534238728754,75.38,257.46,1.24%,104739.75,-9.920073440170418,0.62%
2022-12-20,2022-12-20 16:56:00,22.27513987,71875654.82,4.125637107349236,76.23,254.79,1.13%,106864.11,-8.79653696205489,0.62%
2022-12-21,2022-12-21 16:56:00,24.76889929,74252662.66,4.539088713165225,78.24,65.19,2.64%,107433.14,-2.1094108348767127,0.62%
2022-12-22,2022-12-22 16:56:00,24.68966549,81894983.07,4.570975208279335,77.42,62.7,-1.05%,107551.52,-1.3619471050713703,0.62%
2022-12-23,2022-12-23 16:56:00,26.60067223,68388026.24,4.9558774531904985,79.64,79.46,2.87%,109697.57,0.7868531341317153,0.62%
2022-12-26,2022-12-26 16:56:00,23.64225337,28765122.88,4.385992388319976,80.97,68.1325,1.67%,108737.75,-3.570330511239461,0.62%
2022-12-27,2022-12-27 16:56:00,24.18562826,50803167.44,4.455059729590333,79.64,67.69,-1.64%,108578.2,-5.2883110684192935,0.62%
2022-12-28,2022-12-28 16:56:00,23.88423347,57293563.95,4.362417072146119,79.08,62.68,-0.70%,110236.71,1.3371311377831765,0.62%
2022-12-29,2022-12-29 16:56:00,25.38738479,57901668.51,4.656356111294523,78.5,53.32,-0.73%,109734.6,-1.0594302874205377,0.62%
2023-01-02,2023-01-02 16:56:00,22.5532972,78424907.1,4.165428708628842,80.47,103.935,0.02%,106376.02,-17.013617281472527,0.53%
2023-01-03,2023-01-03 16:56:00,20.32336551,96750009.46,3.7911068329353834,77.12,139.84,-4.16%,104165.74,-9.465858880556963,0.53%
2023-01-04,2023-01-04 16:56:00,22.94340483,129503700.6,4.322908548441798,73.1,149.77,-5.21%,105334.46,-10.854361252799904,0.53%
2023-01-05,2023-01-05 16:56:00,21.55957628,73886016.47,4.134226213350209,73.92,112.45,1.12%,107641.32,-15.11123690574946,0.53%
2023-01-06,2023-01-06 16:56:00,21.0479965,51851401.45,4.056741288258423,74.04,95.22,0.16%,108963.7,-14.136399185994051,0.53%
2023-01-09,2023-01-09 16:56:00,23.41554598,46385238.33,4.5373689067162735,74.92,154.2,1.19%,109129.57,-14.134468014392866,0.53%
2023-01-10,2023-01-10 16:56:00,21.7834274,52741301.22,4.162783045729902,75.37,164.98,0.60%,110816.71,-6.903422833146856,0.53%
2023-01-11,2023-01-11 16:56:00,23.022381,53536739.63,4.356503992733603,77.68,179.83,3.06%,112517.08,-6.677601562071045,0.53%
2023-01-12,2023-01-12 16:56:00,24.72568454,58130033.09,4.71783177316873,78.65,188.06,1.25%,111850.22,-11.870955064045695,0.53%
2023-01-13,2023-01-13 16:56:00,24.04769278,40002646.26,4.60992864564363,80.11,189.32,1.86%,110916.08,-12.252040160746148,0.53%
2023-01-16,2023-01-16 16:56:00,22.29474434,31973709.23,4.350448677971394,79.04,242.88,-0.93%,109212.66,-16.117440403818517,0.53%
2023-01-17,2023-01-17 16:56:00,24.83547638,91797491.68,4.848406290020303,80.45,267.91,1.78%,111439.12,-10.590661496331345,0.53%
2023-01-18,2023-01-18 16:56:00,24.73133097,69692709.86,4.897584206982593,79.8,326.23,-0.81%,112228.39,-10.05409734990388,0.53%
2023-01-19,2023-01-19 16:56:00,25.68326763,75553395.17,5.023425514894282,80.61,321.13,1.02%,112921.88,-13.855211116062993,0.53%
2023-01-20,2023-01-20 16:56:00,26.82533846,114219387.3,5.257499257197735,81.64,300.15,1.28%,112040.64,-15.024743858403689,0.53%
2023-01-23,2023-01-23 16:56:00,26.09252065,87677943.73,5.123715395189003,81.93,104.29,0.36%,111737.28,-15.830648709599105,0.53%
2023-01-24,2023-01-24 16:56:00,28.54716896,65794215.65,5.560414678613167,80.44,93.04,-1.82%,113028.15,-10.703156015271498,0.53%
2023-01-25,2023-01-25 16:56:00,27.09951665,51833075.83,5.233183348138422,80.44,101.06,0.00%,114270.07,-8.9606792754495,0.53%
2023-01-26,2023-01-26 16:56:00,25.60154753,73344940.88,4.944961182469627,81.28,98.18,1.04%,114177.55,1.1943457930548185,0.53%
2023-01-27,2023-01-27 16:56:00,26.23208096,47681868.33,5.048417266796251,79.96,123.92,-1.62%,112316.16,-15.888786076122663,0.53%
2023-01-30,2023-01-30 16:56:00,25.77240251,40683378.03,4.9841231719816665,78.18,101.7,-2.23%,112273.01,-11.01142117616175,0.53%
2023-01-31,2023-01-31 16:56:00,26.81752223,54048724.39,5.255246370762297,79.17,88.38,1.27%,113430.54,-10.916875623178369,0.53%
2023-02-01,2023-02-01 16:56:00,26.04268304,56349119.02,5.101407059745347,76.73,113.87,-3.08%,112073.55,-3.4157443465485327,0.84%
2023-02-02,2023-02-02 16:56:00,25.24456936,83822983.96,4.933181435522639,76.2,94.84,-0.69%,110140.64,3.538974291386343,0.84%
2023-02-03,2023-02-03 16:56:00,23.94053505,71170602.64,4.703167799540302,73.74,126.22,-3.23%,108523.47,4.183458016042496,0.84%
2023-02-06,2023-02-06 16:56:00,21.79741538,82794443.72,4.322482624732292,74.47,120.92,0.99%,108721.58,-0.2222024398951139,0.84%
2023-02-07,2023-02-07 16:56:00,25.15903774,55311526.32,4.970471924452259,77.39,186.67,3.92%,107829.73,-14.16378336231563,0.84%
2023-02-08,2023-02-08 16:56:00,28.17463426,48713170.39,5.440168808650318,78.69,155.18,1.68%,109951.49,-12.74354003430057,0.84%
2023-02-09,2023-02-09 16:56:00,21.44589123,38198225.68,4.123654744553618,78.27,132.72,-0.53%,108008.05,-1.027695793175032,0.84%
2023-02-10,2023-02-10 16:56:00,25.71251209,54683105.48,4.9563422047881565,79.92,151.98,2.11%,108078.27,-2.47114356670578,0.84%
2023-02-13,2023-02-13 16:56:00,26.91771453,36726638.32,5.207931457261155,80.33,155.59,0.51%,108836.47,-1.8749400447617748,0.84%
2023-02-14,2023-02-14 16:56:00,24.81928134,35839056.95,4.752102577161676,79.24,192.27,-1.36%,107848.81,-16.6966026669122,0.84%
2023-02-15,2023-02-15 16:56:00,26.0215197,72554229.52,4.989266551624964,78.83,150.59,-0.52%,109600.14,-16.234798756271772,0.84%
2023-02-16,2023-02-16 16:56:00,26.14488881,44115827.49,5.063600567466543,78.74,204.09,-0.11%,109941.46,0.6673219020578713,0.84%
2023-02-17,2023-02-17 16:56:00,25.07535837,61085770.11,4.899157605064182,76.55,343.63,-2.78%,109176.92,-2.0299873150469883,0.84%
2023-02-22,2023-02-22 16:56:00,28.48899944,38608505.64,5.500443958759702,74.19,98.82,-2.84%,107152.05,-18.93598077378307,0.84%
2023-02-23,2023-02-23 16:56:00,24.66415553,73913266.27,4.763811088577278,75.6,99.17,1.90%,107592.87,-3.709066481661272,0.84%
2023-02-24,2023-02-24 16:56:00,25.47796294,64408664.76,4.879807500335179,76.47,101.33,1.15%,105798.43,-6.396388864190028,0.84%
2023-02-27,2023-02-27 16:56:00,28.42217023,76250604.9,5.374639807495934,75.81,79.74,-0.86%,105711.05,-5.880818931131548,0.84%
2023-02-28,2023-02-28 16:56:00,26.0858002,130247984.5,4.981343250520366,77.19,88.93,1.82%,104931.93,-21.80563293125789,0.84%
2023-03-01,2023-03-01 16:56:00,25.20086958,109257533.5,4.873971488250653,77.83,104.5,0.83%,104384.67,-6.860566119302913,0.71%
2023-03-02,2023-03-02 16:56:00,24.49943893,124516188.9,4.73950300433336,78.31,61.37,0.62%,103325.61,-6.187570727753167,0.71%
2023-03-03,2023-03-03 16:56:00,26.02024854,87592086.96,5.035170102753643,79.79,99.09,1.89%,103865.99,-4.291679947204042,0.71%
2023-03-06,2023-03-06 16:56:00,24.83375761,50227612.45,4.7522356067129765,80.56,80.13,0.97%,104700.32,-3.698676932399248,0.71%
2023-03-07,2023-03-07 16:56:00,28.32700368,59052415.25,5.290020856054381,77.72,163.0,-3.53%,104227.93,-3.340266177055251,0.71%
2023-03-08,2023-03-08 16:56:00,23.62543519,66220331.35,4.415308961276819,76.81,136.03,-1.17%,106540.32,-3.102431808791306,0.71%
2023-03-09,2023-03-09 16:56:00,24.11041673,68042110.41,4.498715664066873,75.84,147.72,-1.26%,105071.19,-2.719112140252511,0.71%
2023-03-10,2023-03-10 16:56:00,25.13934502,48118393.55,4.662687332146302,76.78,143.19,1.24%,103618.2,-4.126703730546399,0.71%
2023-03-13,2023-03-13 16:56:00,22.9310768,58605436.74,4.241311878074946,74.91,167.4,-2.44%,103121.36,-5.251098276156885,0.71%
2023-03-14,2023-03-14 16:56:00,24.07861546,58916919.52,4.6303248836583215,71.49,216.69,-4.57%,102932.38,-4.558631662231594,0.71%
2023-03-15,2023-03-15 16:56:00,25.67966905,93708874.23,4.994975598607303,67.74,356.42,-5.25%,102675.45,-6.318139739602524,0.71%
2023-03-16,2023-03-16 16:56:00,24.24386533,66821147.38,4.649406514651733,68.52,251.5,1.15%,103434.66,-5.91842240406849,0.71%
2023-03-17,2023-03-17 16:56:00,23.60183655,93502658.1,4.53802929300698,66.93,482.49,-2.32%,101981.53,-6.590577935336517,0.71%
2023-03-20,2023-03-20 16:56:00,21.88653946,57574926.57,4.191137561517397,67.82,418.54,1.33%,100922.89,-9.92296188240267,0.71%
2023-03-21,2023-03-21 16:56:00,25.12740311,43391311.56,4.8376818139812485,69.67,409.5,2.73%,100998.13,-22.78676589591906,0.71%
2023-03-22,2023-03-22 16:56:00,22.25328046,46435652.62,4.273888080971037,71.02,148.11,1.94%,100220.63,-6.468770312840489,0.71%
2023-03-23,2023-03-23 16:56:00,23.64422553,74711287.9,4.459744144331063,70.12,166.52,-1.27%,97926.34,-8.984359279569365,0.71%
2023-03-24,2023-03-24 16:56:00,20.9679715,52556742.4,3.969402449644101,69.41,153.65,-1.01%,98829.27,-6.58720550011942,0.71%
2023-03-27,2023-03-27 16:56:00,23.64903116,39148864.78,4.486375497505359,72.93,125.01,5.07%,99670.47,-5.714237064147976,0.71%
2023-03-28,2023-03-28 16:56:00,22.38387404,29090976.73,4.247656230904985,73.34,138.51,0.56%,101185.09,-3.570733903398138,0.71%
2023-03-29,2023-03-29 16:56:00,22.23436162,49148495.74,4.210415395394637,73.12,133.99,-0.30%,101792.52,-24.140300378789792,0.71%
2023-03-30,2023-03-30 16:56:00,27.40279975,56117030.27,5.251993205688439,74.49,99.83,1.87%,103713.45,-7.623880396544102,0.71%
2023-03-31,2023-03-31 16:56:00,24.02563887,59547684.38,4.627523424950404,75.8,125.24,1.76%,101882.2,-10.180979478718866,0.71%
2023-04-03,2023-04-03 16:56:00,24.87979176,73931338.5,4.7170847413923855,80.44,287.98,6.12%,101506.18,-2.27197564862186,0.61%
2023-04-04,2023-04-04 16:56:00,23.12646296,57505728.91,4.356004399992466,80.72,148.22,0.35%,101869.45,-3.289531270203516,0.61%
2023-04-05,2023-04-05 16:56:00,21.51922193,93626356.6,4.041320224233775,80.63,109.75,-0.11%,100977.85,-6.190438764593376,0.61%
2023-04-06,2023-04-06 16:56:00,23.94867141,29565114.46,4.518361490859008,80.68,103.59,0.06%,100821.73,-3.70446814298181,0.61%
2023-04-10,2023-04-10 16:56:00,25.23695766,41456028.88,4.721247738242227,79.77,120.66,-1.13%,101846.64,-1.7096996473592418,0.61%
2023-04-11,2023-04-11 16:56:00,23.2458675,80565123.51,4.421888434468328,81.49,158.75,2.16%,106213.76,-5.602100587750769,0.61%
2023-04-12,2023-04-12 16:56:00,25.37059418,71563415.88,4.926328966990291,83.09,220.62,1.96%,106889.71,-4.434957749747825,0.61%
2023-04-13,2023-04-13 16:56:00,27.9739023,38852774.56,5.447798847105104,82.04,155.56,-1.26%,106457.85,3.235498445714846,0.61%
2023-04-14,2023-04-14 16:56:00,23.62122833,38421038.15,4.690474251389992,82.43,205.48,0.48%,106279.37,3.2516395715322943,0.61%
2023-04-17,2023-04-17 16:56:00,26.58090873,49427039.18,5.22361921353614,80.83,229.97,-1.94%,106015.67,3.955755517690318,0.61%
2023-04-18,2023-04-18 16:56:00,27.41570014,99478829.79,5.298334133426097,80.9,311.78,0.09%,106163.23,-5.404300997278854,0.61%
2023-04-19,2023-04-19 16:56:00,26.63031282,73217735.35,5.158014453117435,79.24,350.78,-2.05%,103912.94,-7.978028704445938,0.61%
2023-04-20,2023-04-20 16:56:00,27.96543592,54738516.0,5.270133408714006,77.37,361.41,-2.36%,104366.82,3.412436960534926,0.61%
2023-04-24,2023-04-24 16:56:00,27.38753448,43821097.37,5.162491655199713,78.6,103.04,1.15%,103946.58,5.1779295749123655,0.61%
2023-04-25,2023-04-25 16:56:00,26.43540122,53854051.98,4.986588425480542,76.87,134.66,-2.20%,103220.09,-9.670056209819434,0.61%
2023-04-26,2023-04-26 16:56:00,27.71027416,40249481.12,5.208306548379821,74.19,180.08,-3.49%,102312.1,-10.392104227144472,0.61%
2023-04-27,2023-04-27 16:56:00,26.2958264,115632757.3,4.811238935138597,74.58,125.42,0.53%,102923.31,3.263594523031732,0.61%
2023-04-28,2023-04-28 16:56:00,24.21048794,81138765.37,4.527271152084074,76.61,111.02,2.72%,104431.63,3.2085161954197083,0.61%
2023-05-02,2023-05-02 16:56:00,25.13639057,67910991.84,4.719651245798832,71.55,152.45,-5.24%,101926.95,-1.3536431093898238,0.23%
2023-05-03,2023-05-03 16:56:00,22.72591674,51133626.71,4.260656693976265,68.55,188.01,-4.19%,101797.09,0.2865933877129523,0.23%
2023-05-04,2023-05-04 16:56:00,23.68451822,57854693.25,4.391714856295198,68.51,160.32,-0.06%,102174.34,0.2992948327491751,0.23%
2023-05-05,2023-05-05 16:56:00,24.29567954,83365221.65,4.571239259440441,71.27,115.12,4.03%,105148.48,4.130242424452479,0.23%
2023-05-08,2023-05-08 16:56:00,20.98854262,59352398.78,3.922505535620842,73.07,125.43,2.53%,106042.15,-0.467588233262306,0.23%
2023-05-09,2023-05-09 16:56:00,27.70003343,33978547.49,5.149087930329393,73.62,135.29,0.75%,107113.66,1.9438915653282371,0.23%
2023-05-10,2023-05-10 16:56:00,22.59447472,41500736.69,4.257004054563268,72.52,172.14,-1.49%,107448.21,5.500004712968454,0.23%
2023-05-11,2023-05-11 16:56:00,27.09114418,136878097.8,5.117233180332823,70.88,172.29,-2.26%,108256.4,1.9231406552220776,0.23%
2023-05-12,2023-05-12 16:56:00,25.69651252,117237316.9,4.946583606683607,70.02,115.9,-1.21%,108463.84,1.4726674812757912,0.23%
2023-05-15,2023-05-15 16:56:00,26.2023022,81996807.47,5.0414249817216295,71.09,159.52,1.53%,109029.12,6.188110205506758,0.23%
2023-05-16,2023-05-16 16:56:00,25.59089531,117782723.9,4.87780102737115,70.84,153.07,-0.35%,108193.68,4.600991582512082,0.23%
2023-05-17,2023-05-17 16:56:00,23.72661369,107129138.8,4.528325385525613,72.89,219.09,2.89%,109459.95,3.248840478016124,0.23%
2023-05-18,2023-05-18 16:56:00,25.33695182,63010348.07,4.853078420931658,71.94,239.92,-1.30%,110108.46,3.7161925084608023,0.23%
2023-05-19,2023-05-19 16:56:00,27.24227033,69245329.63,5.229746084736327,71.69,312.43,-0.35%,110744.51,6.574320772754572,0.23%
2023-05-22,2023-05-22 16:56:00,25.5817167,38009922.9,4.8823797045576,72.05,263.98,0.50%,110213.12,9.970492103272544,0.23%
2023-05-23,2023-05-23 16:56:00,28.54642755,58285328.13,5.379419505898315,72.85,92.34,1.11%,109928.53,12.256344922111872,0.23%
2023-05-24,2023-05-24 16:56:00,30.46445673,54796494.25,5.78413425924168,74.29,121.83,1.98%,108799.54,4.668705790993788,0.23%
2023-05-25,2023-05-25 16:56:00,27.76666769,49182742.63,5.199166327753435,71.93,154.73,-3.18%,110054.38,6.6210851007783456,0.23%
2023-05-26,2023-05-26 16:56:00,22.62254321,39866629.54,4.253717016715868,72.76,77.58,1.15%,110905.51,8.399211823430463,0.23%
2023-05-29,2023-05-29 16:56:00,25.90578748,17977338.15,4.905841661932357,72.87,126.7875,-0.48%,110333.4,8.390478986078742,0.23%
2023-05-30,2023-05-30 16:56:00,24.99073577,45736682.83,4.701041341234011,69.6,117.5,-4.49%,108967.03,5.065476078560693,0.23%
2023-05-31,2023-05-31 16:56:00,27.2413442,49207692.66,5.196052453888264,68.24,157.34,-1.95%,108335.07,6.333657891172373,0.23%
2023-06-01,2023-06-01 16:56:00,27.19246026,63148306.74,5.226203659356922,70.2,135.27,2.87%,110564.66,5.920399997432568,-0.08%
2023-06-02,2023-06-02 16:56:00,28.14301805,39919397.66,5.425578463881552,71.84,110.94,2.34%,112558.15,10.43021497258576,-0.08%
2023-06-05,2023-06-05 16:56:00,26.30338199,39321625.4,5.112913206336865,72.26,148.98,0.58%,112696.32,7.178268292608703,-0.08%
2023-06-06,2023-06-06 16:56:00,30.77179922,75426475.94,5.932256172887107,71.85,118.29,-0.57%,114610.1,13.675990285030837,-0.08%
2023-06-07,2023-06-07 16:56:00,27.81637451,82330411.65,5.265061801559661,72.64,109.56,1.10%,115488.16,10.80346697857284,-0.08%
2023-06-09,2023-06-09 16:56:00,30.68243352,80442310.23,5.81811922026699,70.33,160.29,-1.55%,117019.48,9.24795212860805,-0.08%
2023-06-12,2023-06-12 16:56:00,30.00866674,119350343.6,5.751320838683712,67.29,223.62,-4.32%,117336.34,8.180145567407537,-0.08%
2023-06-13,2023-06-13 16:56:00,29.03799884,79174971.97,5.565287164842747,69.58,253.16,3.40%,116742.71,9.660969106552496,-0.08%
2023-06-14,2023-06-14 16:56:00,29.51151581,98325971.06,5.522777866981061,68.46,212.22,-1.61%,119068.77,12.033755939652258,-0.08%
2023-06-15,2023-06-15 16:56:00,29.96562845,120579743.5,5.574067309659778,70.81,262.83,3.43%,119221.0,9.347851289637132,-0.08%
2023-06-16,2023-06-16 16:56:00,28.87384045,94572104.93,5.301940992306139,71.93,297.84,1.58%,118758.42,9.764655384676812,-0.08%
2023-06-19,2023-06-19 16:56:00,30.42160886,34574411.03,5.630920086624959,71.31,272.1675,-0.22%,119857.76,8.229076095961773,-0.08%
2023-06-20,2023-06-20 16:56:00,31.19547202,55605339.54,5.902085331567497,71.19,430.49,-0.17%,119622.4,14.617270124738855,-0.08%
2023-06-21,2023-06-21 16:56:00,32.24022957,89294305.28,6.086852109804217,72.52,97.51,1.87%,120420.26,19.230187727238103,-0.08%
2023-06-22,2023-06-22 16:56:00,33.99299667,43455853.75,6.487832172917263,69.63,234.79,-3.99%,118934.2,7.9129236156276095,-0.08%
2023-06-23,2023-06-23 16:56:00,30.29003839,76023395.47,5.822767856593618,69.32,113.92,-0.45%,118977.1,8.231320840913646,-0.08%
2023-06-26,2023-06-26 16:56:00,30.8712758,53634936.97,6.006084785992218,69.54,94.21,0.32%,118242.95,6.615938198201343,-0.08%
2023-06-27,2023-06-27 16:56:00,31.36665413,48399467.67,6.132767788292339,67.9,170.46,-2.36%,117522.87,14.184891644079457,-0.08%
2023-06-28,2023-06-28 16:56:00,29.28521445,36794681.25,5.729279947177932,69.73,159.54,2.70%,116681.32,11.729865750443611,-0.08%
2023-06-29,2023-06-29 16:56:00,30.75808956,32071707.33,6.007087389410776,70.02,106.17,0.42%,118382.65,7.295388341155085,-0.08%
2023-06-30,2023-06-30 16:56:00,31.0122849,104263052.0,6.091709697695888,70.78,136.64,1.09%,118087.0,8.369476528817943,-0.08%
2023-07-03,2023-07-03 16:56:00,30.39498816,31266793.26,5.829048051549555,69.91,107.16,-1.23%,119672.78,17.560118859979212,0.12%
2023-07-04,2023-07-04 16:56:00,34.64375397,18307788.13,6.66405454737814,71.06,169.08499999999998,1.64%,119076.37,16.542343214548772,0.12%
2023-07-05,2023-07-05 16:56:00,29.57524891,53585609.67,5.696092005315666,71.88,214.79,1.15%,119549.21,6.080846295602194,0.12%
2023-07-06,2023-07-06 16:56:00,29.8270526,47685488.85,5.769702220674714,71.79,217.75,-0.13%,117425.7,2.456677029336851,0.12%
2023-07-07,2023-07-07 16:56:00,28.3644759,55533403.7,5.557085517808863,73.77,178.32,2.76%,118897.99,2.952536433172015,0.12%
2023-07-10,2023-07-10 16:56:00,29.81997932,25590218.97,5.852677929775667,72.95,143.74,-1.11%,117942.44,9.766779735092834,0.12%
2023-07-11,2023-07-11 16:56:00,27.43220692,40877044.19,5.403550912994662,74.71,193.29,2.41%,117555.52,8.589903229739782,0.12%
2023-07-12,2023-07-12 16:56:00,27.35627839,40181880.32,5.368291840499224,75.54,251.4,1.11%,117666.49,0.2813706307866814,0.12%
2023-07-13,2023-07-13 16:56:00,31.16270702,35886574.64,6.111173498323299,76.76,297.92,1.62%,119263.89,2.159603798815346,0.12%
2023-07-14,2023-07-14 16:56:00,29.67461851,34451426.11,5.8505586463200645,75.32,204.78,-1.88%,117710.54,-1.1407105322411626,0.12%
2023-07-17,2023-07-17 16:56:00,28.33894168,52160882.33,5.679032820985552,74.08,248.26,-1.65%,118219.46,8.002479445678535,0.12%
2023-07-18,2023-07-18 16:56:00,27.74588265,35640330.46,5.437170811287478,75.66,388.37,2.13%,117841.19,7.022830035039984,0.12%
2023-07-19,2023-07-19 16:56:00,31.43892869,46517599.92,6.073629559724127,75.29,385.6,-0.49%,117552.07,-1.923688545489244,0.12%
2023-07-20,2023-07-20 16:56:00,28.76256757,33177108.97,5.563897392397718,75.65,340.96,0.48%,118082.9,-1.286966320689098,0.12%
2023-07-21,2023-07-21 16:56:00,32.50573559,52059090.54,6.246778305403952,76.78,106.73,1.49%,120216.77,-0.1689831926953044,0.12%
2023-07-24,2023-07-24 16:56:00,31.0564823,45268157.79,5.9364393195068335,78.4,109.57,2.11%,121341.69,11.527760135750588,0.12%
2023-07-25,2023-07-25 16:56:00,29.40594032,56261056.78,5.5983589688915965,79.2,122.79,1.02%,122007.77,10.861348725966202,0.12%
2023-07-26,2023-07-26 16:56:00,30.27386117,45880317.76,5.84054118339314,78.4,112.97,-1.01%,122560.38,3.651321283848219,0.12%
2023-07-27,2023-07-27 16:56:00,30.3668487,86472058.27,5.895674121964005,79.63,138.78,1.57%,119989.64,2.098970183420468,0.12%
2023-07-28,2023-07-28 16:56:00,29.66222702,43608517.3,5.677741902264418,80.18,101.33,0.69%,120187.11,3.004585481206412,0.12%
2023-07-31,2023-07-31 16:56:00,30.33903166,91290854.25,5.786357884498017,81.32,92.51,1.42%,121942.98,12.560946330675726,0.12%
2023-08-01,2023-08-01 16:56:00,30.01409158,75752494.24,5.770609009459355,80.92,105.36,-0.49%,121248.39,9.662879621752564,0.23%
2023-08-02,2023-08-02 16:56:00,30.30817807,62068391.68,5.858917082930601,79.13,135.8,-2.21%,120858.72,7.374472661464315,0.23%
2023-08-03,2023-08-03 16:56:00,31.48997894,57304377.84,6.134809846093902,81.08,150.29,2.46%,120585.77,0.7629053156448906,0.23%
2023-08-04,2023-08-04 16:56:00,29.05677129,120685843.4,5.6103900851499295,82.27,108.12,1.47%,119507.68,0.3622129226814596,0.23%
2023-08-07,2023-08-07 16:56:00,29.33513196,44984789.38,5.645714387990762,81.49,123.01,-0.95%,119379.5,0.4049774096265057,0.23%
2023-08-08,2023-08-08 16:56:00,30.84500741,34771300.21,5.922847922347249,82.36,187.84,1.07%,119090.24,12.304626037853827,0.23%
2023-08-09,2023-08-09 16:56:00,30.70732363,48561538.92,5.897315849817554,83.69,279.75,1.61%,118408.77,1.1872296817589725,0.23%
2023-08-10,2023-08-10 16:56:00,31.31305365,54020281.61,6.012491100230415,82.29,166.86,-1.67%,118349.6,0.3452192442347401,0.23%
2023-08-11,2023-08-11 16:56:00,32.39752693,39403064.93,6.225863698906546,82.57,174.3,0.34%,118065.14,0.4335143088133986,0.23%
2023-08-14,2023-08-14 16:56:00,29.88056907,27992446.47,5.749580348277853,81.92,126.69,-0.79%,116809.55,-0.7654284824451518,0.23%
2023-08-15,2023-08-15 16:56:00,32.35889224,87365936.37,6.234733866399492,80.5,198.94,-1.73%,116171.42,-2.5579218426283967,0.23%
2023-08-16,2023-08-16 16:56:00,32.94445557,74460827.81,6.411048625138654,79.02,237.71,-1.84%,115591.52,-2.6666740766675745,0.23%
2023-08-17,2023-08-17 16:56:00,31.48357634,57570485.15,6.130815403189687,79.9,239.17,1.11%,114982.3,-2.7382632267141105,0.23%
2023-08-18,2023-08-18 16:56:00,31.52227751,45579786.1,6.082798330824746,80.66,377.45,0.95%,115408.52,-2.064363063543395,0.23%
2023-08-21,2023-08-21 16:56:00,29.93287084,42236972.36,5.7123799312977095,80.12,361.84,-0.67%,114429.35,-4.814153632642104,0.23%
2023-08-22,2023-08-22 16:56:00,31.49177007,31372267.46,6.0142412570184485,79.64,287.49,-0.60%,116156.01,-2.335905063472077,0.23%
2023-08-23,2023-08-23 16:56:00,33.40581066,95507429.48,6.305243513712464,78.59,127.19,-1.32%,118134.59,-0.7081278666230761,0.23%
2023-08-24,2023-08-24 16:56:00,33.93987187,49332190.94,6.416825204189669,78.66,149.9,0.09%,117025.6,-3.55697205140294,0.23%
2023-08-25,2023-08-25 16:56:00,30.21584274,34079017.86,5.735842126843714,79.49,165.22,1.06%,115837.2,-5.057522156170879,0.23%
2023-08-28,2023-08-28 16:56:00,32.41621849,24956156.89,6.178401374197114,79.67,71.33,0.23%,117120.98,-2.551130483127517,0.23%
2023-08-29,2023-08-29 16:56:00,33.15499401,40607510.19,6.321980400045764,80.68,88.15,1.27%,118403.61,0.0177052971867208,0.23%
2023-08-30,2023-08-30 16:56:00,33.84164204,34637726.5,6.427906480777998,81.12,80.26,0.55%,117535.1,-0.46736728005623,0.23%
2023-08-31,2023-08-31 16:56:00,31.22493555,48971525.87,5.932690292977656,82.96,150.23,2.27%,115741.81,-5.085302983410767,0.23%
2023-09-01,2023-09-01 16:56:00,31.5794792,50089225.29,5.967286937132708,84.75,169.83,2.16%,117892.96,-2.767401694983329,0.26%
2023-09-04,2023-09-04 16:56:00,32.7874702,21667273.07,6.268395633388139,85.82,152.365,-0.03%,117776.62,-1.4484926826459965,0.26%
2023-09-05,2023-09-05 16:56:00,32.27559469,75083203.04,6.23887937873311,86.01,154.05,0.22%,117331.3,-1.85522765060514,0.26%
2023-09-06,2023-09-06 16:56:00,36.22396144,57856458.04,7.034735097974481,86.79,135.35,0.91%,115985.34,-1.2266139354502492,0.26%
2023-09-08,2023-09-08 16:56:00,32.48890972,39074081.62,6.338804721582706,86.81,125.62,0.77%,115313.4,-3.1714101844114277,0.26%
2023-09-11,2023-09-11 16:56:00,32.45968643,30276216.42,6.389198966616801,86.66,179.0,-0.17%,116883.34,-1.0009728527828,0.26%
2023-09-12,2023-09-12 16:56:00,31.59288064,31963046.66,6.23909011987282,88.16,217.68,1.73%,117968.12,0.2563431610817845,0.26%
2023-09-13,2023-09-13 16:56:00,32.41345774,47685347.72,6.385378381466451,87.88,250.86,-0.32%,118175.97,-0.912195636080626,0.26%
2023-09-14,2023-09-14 16:56:00,32.51620837,46502045.42,6.44561785041727,89.61,257.68,1.97%,119391.55,2.2104357049573364,0.26%
2023-09-15,2023-09-15 16:56:00,33.00283514,54801770.27,6.511618321725234,90.02,321.84,0.46%,118757.53,2.226115511026716,0.26%
2023-09-18,2023-09-18 16:56:00,34.78621943,52363397.88,6.8431009619545975,90.58,414.19,0.62%,118288.21,2.4952143914504843,0.26%
2023-09-19,2023-09-19 16:56:00,34.97970028,43246754.76,6.9780761809767,90.48,537.52,-0.11%,117845.78,0.2498552343654925,0.26%
2023-09-20,2023-09-20 16:56:00,32.34073193,39102459.94,6.534009198723128,89.66,457.85,-0.91%,118695.32,0.5186356364892841,0.26%
2023-09-21,2023-09-21 16:56:00,34.41436668,60109127.43,7.009464260545451,88.32,162.03,-1.49%,116145.05,1.4993530942891908,0.26%
2023-09-22,2023-09-22 16:56:00,35.51638038,31020699.41,7.181555025781013,88.35,253.89,0.03%,116008.64,-0.126872470912176,0.26%
2023-09-25,2023-09-25 16:56:00,34.12339252,26767049.09,6.904634167661521,88.17,161.52,-0.20%,115924.61,0.0754593515727375,0.26%
2023-09-26,2023-09-26 16:56:00,33.83999875,60687785.62,6.8118681810861945,88.78,137.24,0.69%,114193.43,-6.826798350331497,0.26%
2023-09-27,2023-09-27 16:56:00,33.91617375,53708821.15,6.720465601284007,91.3,293.27,2.84%,114327.05,-4.7192324270662,0.26%
2023-09-28,2023-09-28 16:56:00,34.64012632,30765121.67,6.859838469612057,89.59,226.83,-1.87%,115730.76,-1.1869948492575833,0.26%
2023-09-29,2023-09-29 16:56:00,32.36818567,40227735.72,6.39750680304378,88.8,156.93,-0.88%,116565.17,-1.552689145204278,0.26%
2023-10-02,2023-10-02 16:56:00,35.49417493,34403169.21,7.012857354829786,87.17,161.57,-1.84%,115056.86,-4.800530735390874,0.24%
2023-10-03,2023-10-03 16:56:00,33.68060658,37947408.17,6.658220140357813,87.44,204.06,0.31%,113419.04,-5.943263454717762,0.24%
2023-10-04,2023-10-04 16:56:00,32.43592206,88895890.43,6.46778106879362,82.55,217.23,-5.59%,113607.45,-3.539896118601471,0.24%
2023-10-05,2023-10-05 16:56:00,33.70363188,35342219.68,6.739782806407104,80.81,234.18,-2.11%,113284.08,-3.4493950037202348,0.24%
2023-10-06,2023-10-06 16:56:00,34.88261697,48132652.5,6.930229461199189,81.28,277.71,0.58%,114169.63,-1.5654650837769624,0.24%
2023-10-09,2023-10-09 16:56:00,36.26592093,77528602.77,7.22040355386545,84.6,246.68,4.08%,115156.07,-2.747009364255704,0.24%
2023-10-10,2023-10-10 16:56:00,36.07019959,48326389.76,7.198778507563964,84.13,246.75,-0.56%,116736.95,-1.362615505248865,0.24%
2023-10-11,2023-10-11 16:56:00,32.3396262,41578624.91,6.507490783966516,82.07,286.84,-2.45%,117050.74,0.143219726609467,0.24%
2023-10-13,2023-10-13 16:56:00,35.13642958,66943640.02,7.070273176915647,86.35,290.38,5.56%,115754.08,-2.049392951883533,0.24%
2023-10-16,2023-10-16 16:56:00,38.28183607,49626801.78,7.6552954726338305,85.26,205.58,-1.26%,116533.85,0.815224161772421,0.24%
2023-10-17,2023-10-17 16:56:00,36.17878868,68815090.61,7.301913068399701,85.44,229.52,0.21%,115908.43,0.8054544047214174,0.24%
2023-10-18,2023-10-18 16:56:00,37.1545281,85931874.28,7.476361900354154,87.27,384.53,2.14%,114059.64,-3.5748025944428496,0.24%
2023-10-19,2023-10-19 16:56:00,37.54515966,56016448.65,7.625860108867856,88.37,384.03,1.26%,114004.3,-3.2597518553485694,0.24%
2023-10-20,2023-10-20 16:56:00,41.24573889,66242340.1,8.399840924179784,88.08,311.92,-0.33%,113155.28,-4.667446029043109,0.24%
2023-10-23,2023-10-23 16:56:00,33.47701968,104499236.7,6.815076682545498,84.42,101.18,-4.16%,112784.52,-4.528792117533054,0.24%
2023-10-24,2023-10-24 16:56:00,36.48142529,78634625.66,7.368049863672167,82.97,136.15,-1.72%,113761.9,-2.788876963672915,0.24%
2023-10-25,2023-10-25 16:56:00,38.33828691,32846364.2,7.722175944165811,84.69,141.32,2.07%,112829.97,-2.669528066559812,0.24%
2023-10-26,2023-10-26 16:56:00,34.44394157,47858904.36,6.908408193268883,82.54,107.55,-2.54%,114776.86,0.5109138065123364,0.24%
2023-10-27,2023-10-27 16:56:00,35.98557756,45843141.09,7.243473743961354,84.7,101.15,2.62%,113301.35,-0.8971630073547732,0.24%
2023-10-30,2023-10-30 16:56:00,34.74137943,31346878.85,6.9938759572412135,81.68,119.75,-3.57%,112531.52,-4.2570942637561,0.24%
2023-10-31,2023-10-31 16:56:00,33.78930564,36964901.24,6.82970967376804,80.5,135.89,-1.44%,113143.67,-2.2447722218963078,0.24%
2023-11-01,2023-11-01 16:56:00,36.03983593,46335134.31,7.209409067813564,80.1,160.14,-0.50%,115052.96,-2.408964877970665,0.28%
2023-11-03,2023-11-03 16:56:00,33.14121368,30959529.02,6.613164720437402,80.23,213.05,-2.35%,118159.97,4.180012456462334,0.28%
2023-11-06,2023-11-06 16:56:00,34.20060155,33583661.69,6.846419015494255,80.6,131.58,0.46%,118431.25,3.7327089524595847,0.28%
2023-11-07,2023-11-07 16:56:00,34.57720825,48919995.29,6.834385834008656,77.21,198.96,-4.21%,119268.06,-0.0933493606523727,0.28%
2023-11-08,2023-11-08 16:56:00,32.35056705,59742668.63,6.348352018289213,75.31,219.2,-2.46%,119176.67,3.350235098436083,0.28%
2023-11-09,2023-11-09 16:56:00,34.81767335,56230809.27,6.915128768619662,75.75,172.86,0.58%,119034.14,3.3676644227264685,0.28%
2023-11-10,2023-11-10 16:56:00,34.71080609,40004784.75,7.004077260987126,77.15,159.39,1.85%,120568.14,3.2819000325089887,0.28%
2023-11-13,2023-11-13 16:56:00,35.27928109,44120083.44,7.165342653749288,78.19,157.42,1.35%,120410.17,4.022398173783581,0.28%
2023-11-14,2023-11-14 16:56:00,34.54791966,50888516.55,7.008828949931023,78.17,166.18,-0.03%,123165.76,3.161203619519126,0.28%
2023-11-16,2023-11-16 16:56:00,35.61581735,72361257.78,7.250924764347808,73.09,428.82,-4.82%,124639.24,6.955395363664718,0.28%
2023-11-17,2023-11-17 16:56:00,39.0429262,87666451.86,7.980648011119741,76.04,368.48,4.04%,124773.21,7.648089099300215,0.28%
2023-11-20,2023-11-20 16:56:00,37.40578069,67796953.52,7.6600959800950195,77.83,270.64,2.35%,125957.06,11.313462350143988,0.28%
2023-11-21,2023-11-21 16:56:00,34.26842661,49598035.02,7.060850680979952,77.92,69.05,0.12%,125626.03,8.163051288023038,0.28%
2023-11-22,2023-11-22 16:56:00,34.84275618,58578289.08,7.189706611365607,77.25,99.86,-0.86%,126035.3,8.643028657175877,0.28%
2023-11-23,2023-11-23 16:56:00,36.02766781,24068195.65,7.471209781842313,76.34,82.06,-1.18%,126575.75,12.227945820933584,0.28%
2023-11-24,2023-11-24 16:56:00,36.31834052,53456434.66,7.521505305885764,75.77,74.98,-0.75%,125517.27,10.333310185571795,0.28%
2023-11-27,2023-11-27 16:56:00,33.89515148,36995808.33,7.090590858314331,75.09,84.35,-0.90%,125731.45,10.970831327252494,0.28%
2023-11-28,2023-11-28 16:56:00,34.9242208,36875945.45,7.286505487168788,76.59,121.44,2.00%,126538.32,9.338537135675962,0.28%
2023-11-29,2023-11-29 16:56:00,35.07492432,37528516.27,7.3386179140077425,77.99,112.41,1.83%,126165.64,8.236139491753836,0.28%
2023-11-30,2023-11-30 16:56:00,33.5511941,58808623.62,7.026428083769632,76.05,209.44,-2.49%,127331.12,13.151515237686295,0.28%
2023-12-01,2023-12-01 16:56:00,32.93159367,36388106.38,6.889598876545534,74.25,127.63,-2.37%,128184.91,11.413830639385548,0.56%
2023-12-04,2023-12-04 16:56:00,34.6907414,35601731.65,7.272997064866451,73.32,158.42,-1.25%,126802.79,11.6148544835748,0.56%
2023-12-05,2023-12-05 16:56:00,35.49649302,43234411.32,7.410077243596435,72.53,142.71,-1.08%,126903.25,12.022139386222674,0.56%
2023-12-06,2023-12-06 16:56:00,33.763501,64178993.32,6.9525154953359545,69.65,183.91,-3.97%,125622.65,6.072214892606476,0.56%
2023-12-07,2023-12-07 16:56:00,31.08346647,64724009.78,6.397881292194962,69.59,144.37,-0.09%,126009.57,5.652401824931186,0.56%
2023-12-08,2023-12-08 16:56:00,32.40995314,53290848.14,6.7251728793160686,71.44,124.73,2.66%,127093.57,6.642994807624691,0.56%
2023-12-11,2023-12-11 16:56:00,35.37936866,30613324.21,7.389792100426099,71.56,119.85,0.17%,126916.41,8.428541331733562,0.56%
2023-12-12,2023-12-12 16:56:00,36.12549335,30371453.13,7.517374178042283,68.85,189.45,-3.79%,126403.03,7.150160568804531,0.56%
2023-12-13,2023-12-13 16:56:00,35.28714333,38992879.48,7.264166854684315,69.72,185.24,1.26%,129465.08,7.520054161538026,0.56%
2023-12-14,2023-12-14 16:56:00,36.47252199,57950011.01,7.446867303019784,71.91,224.16,3.14%,130842.09,6.232519492430355,0.56%
2023-12-15,2023-12-15 16:56:00,34.4889419,56569767.47,7.06755095391299,71.78,262.87,-0.18%,130197.1,9.632711289970407,0.56%
2023-12-18,2023-12-18 16:56:00,35.79089949,44473899.19,7.343982659279779,72.82,354.89,1.45%,131083.82,14.925682739310764,0.56%
2023-12-19,2023-12-19 16:56:00,35.11743846,32182976.59,7.17429129502135,73.94,230.04,1.54%,131850.9,15.654321810668549,0.56%
2023-12-20,2023-12-20 16:56:00,35.74143398,38947977.88,7.437145528319947,74.45,98.97,0.69%,130804.17,3.848224148769441,0.56%
2023-12-21,2023-12-21 16:56:00,36.16267994,30511373.29,7.5279320413006365,74.06,81.11,-0.52%,132182.01,5.218647759544748,0.56%
2023-12-22,2023-12-22 16:56:00,36.62647835,31234710.56,7.637358122901766,73.73,76.79,-0.45%,132752.93,5.329959146366137,0.56%
2023-12-26,2023-12-26 16:56:00,40.03097768,23466823.02,8.287643923647055,75.71,56.76,2.60%,133532.92,16.34132524622125,0.56%
2023-12-27,2023-12-27 16:56:00,38.30034624,19588877.37,7.972594970857619,74.34,80.38,-1.81%,134193.72,6.730432202921399,0.56%
2023-12-28,2023-12-28 16:56:00,35.48067412,21421893.14,7.391807108333334,71.97,94.29,-3.19%,134185.24,6.043165422142471,0.56%
2024-01-02,2024-01-02 16:56:00,36.59014744,24043751.93,7.640775860340796,70.62,108.52,-1.88%,132696.63,3.571537007081216,0.42%
2024-01-03,2024-01-03 16:56:00,40.7860911,52300517.53,8.544810839688258,72.89,129.06,3.21%,132833.95,6.067295274168982,0.42%
2024-01-04,2024-01-04 16:56:00,37.36003351,45345023.4,7.872396803422045,72.36,144.6,-0.73%,131225.91,4.032616347654017,0.42%
2024-01-05,2024-01-05 16:56:00,40.80697059,35783810.54,8.591664685447196,73.86,164.95,2.07%,132022.92,4.707780388496774,0.42%
2024-01-08,2024-01-08 16:56:00,38.01461044,35158329.29,8.025377985137647,70.92,193.27,-3.98%,132426.54,2.1165977929037183,0.42%
2024-01-09,2024-01-09 16:56:00,36.91414507,27279022.9,7.820462071522392,72.29,204.37,1.93%,131446.59,2.829379377891539,0.42%
2024-01-10,2024-01-10 16:56:00,38.86336452,27381956.15,8.224528499777792,71.44,198.04,-1.18%,130841.09,2.8542524777299683,0.42%
2024-01-11,2024-01-11 16:56:00,37.79366629,26564578.31,7.970824905620583,72.09,240.34,0.91%,130648.75,1.88745886347097,0.42%
2024-01-12,2024-01-12 16:56:00,42.1039743,24479538.59,8.817216933322165,72.79,244.2,0.97%,130987.67,1.0759506026970067,0.42%
2024-01-15,2024-01-15 16:56:00,40.29318815,13818735.19,8.37992391281742,72.79,286.49,0.00%,131520.91,2.918274753583172,0.42%
2024-01-16,2024-01-16 16:56:00,40.56600287,31277691.43,8.313216564542902,72.52,312.94,-0.37%,129294.04,-1.3348491685227448,0.42%
2024-01-17,2024-01-17 16:56:00,37.26608196,27577339.49,7.666498376843794,72.48,348.48,-0.06%,128523.83,4.017293290404678,0.42%
2024-01-18,2024-01-18 16:56:00,39.02593417,22987194.32,7.962851289532749,73.95,396.28,2.03%,127315.74,2.0992310705124195,0.42%
2024-01-19,2024-01-19 16:56:00,35.56511769,31745336.74,7.226185604567527,73.25,360.03,-0.95%,127635.65,5.683251763572761,0.42%
2024-01-22,2024-01-22 16:56:00,37.28557753,22753861.37,7.606972871569926,74.76,372.28,2.06%,126601.55,-0.2525643483235473,0.42%
2024-01-23,2024-01-23 16:56:00,36.33371931,32498650.11,7.488709202770106,74.27,107.72,-0.66%,128262.52,-0.6683342431716199,0.42%
2024-01-24,2024-01-24 16:56:00,38.74442028,25415167.13,7.920278891205691,74.98,100.36,0.96%,127815.7,5.836987835292495,0.42%
2024-01-25,2024-01-25 16:56:00,39.55146835,48655338.29,7.993263747701137,77.19,89.28,2.95%,128168.73,-1.4594176306894302,0.42%
2024-01-26,2024-01-26 16:56:00,38.84071844,41378269.0,7.797462145667711,77.86,135.88,0.87%,128967.32,-0.0533029129057727,0.42%
2024-01-29,2024-01-29 16:56:00,39.94939426,30547535.73,8.026479598971308,76.67,103.54,-1.53%,128502.66,3.123535184580484,0.42%
2024-01-30,2024-01-30 16:56:00,43.0433332,34829031.88,8.640463545848723,77.65,118.71,1.28%,127401.81,1.3798121603595837,0.42%
2024-01-31,2024-01-31 16:56:00,38.63253187,57978963.89,7.769393425709918,75.71,104.94,-2.50%,127752.28,6.209402128639541,0.42%
2024-02-01,2024-02-01 16:56:00,41.95558893,61629034.37,8.416873418661103,73.79,238.84,-2.54%,128481.02,13.555641247981454,0.83%
2024-02-02,2024-02-02 16:56:00,41.39998125,36485382.61,8.37530724646477,72.3,216.06,-2.02%,127182.25,-4.155629272574601,0.83%
2024-02-05,2024-02-05 16:56:00,42.46770263,27703216.25,8.670948124629927,72.85,151.3,0.76%,127593.49,-3.3550462298516104,0.83%
2024-02-06,2024-02-06 16:56:00,41.34530221,35474604.97,8.481435589152376,73.37,123.62,0.71%,130416.31,2.001234498572546,0.83%
2024-02-07,2024-02-07 16:56:00,43.221063,30648281.32,8.86185987861888,73.91,133.42,0.74%,129949.9,3.1793312148007846,0.83%
2024-02-08,2024-02-08 16:56:00,41.02227128,25588869.07,8.38249852466386,76.19,229.89,3.08%,128216.92,-3.178834091716065,0.83%
2024-02-09,2024-02-09 16:56:00,44.11055024,30387909.05,9.05649206257956,76.77,172.0,0.76%,128025.7,-2.602494290646873,0.83%
2024-02-14,2024-02-14 16:56:00,40.90278467,18315230.13,8.407042663350667,76.36,276.33,-1.55%,127018.29,1.930845947532256,0.83%
2024-02-15,2024-02-15 16:56:00,43.7053768,33246314.86,8.879777484304842,77.59,342.33,1.61%,127804.13,-2.8259993030765984,0.83%
2024-02-16,2024-02-16 16:56:00,43.65377486,37268803.58,8.851489285859119,78.46,451.36,1.12%,128725.88,-0.4394324750003897,0.83%
2024-02-19,2024-02-19 16:56:00,40.98635791,12826540.24,8.334626222140882,78.11,340.66,-0.45%,129035.74,1.0969427428778822,0.83%
2024-02-20,2024-02-20 16:56:00,41.39305712,42375463.85,8.327745120209235,77.04,435.24,-1.37%,129916.11,7.202203586149802,0.83%
2024-02-21,2024-02-21 16:56:00,40.99514081,20873783.85,8.238242194847475,77.31,133.71,0.35%,130031.58,6.4940953128179935,0.83%
2024-02-22,2024-02-22 16:56:00,39.82585841,32162737.1,7.991543776462326,77.93,145.39,0.80%,130240.55,2.874372391175295,0.83%
2024-02-23,2024-02-23 16:56:00,44.94041036,43924497.36,9.103514637604828,76.08,134.05,-2.37%,129418.73,0.90144026485679,0.83%
2024-02-26,2024-02-26 16:56:00,41.73356733,25885544.91,8.430172170487829,77.09,117.05,1.33%,129609.05,0.4975911727094884,0.83%
2024-02-27,2024-02-27 16:56:00,42.9591689,27677867.78,8.736688068170263,78.23,98.88,1.48%,131689.37,8.764526852635711,0.83%
2024-02-28,2024-02-28 16:56:00,41.46094069,112322238.4,8.5046338926381,77.83,142.99,-0.51%,130155.43,8.219985630581906,0.83%
2024-02-29,2024-02-29 16:56:00,39.90871215,61899958.42,8.196658824375115,77.45,154.8,-0.49%,129020.02,0.4026064518820149,0.83%
2024-03-01,2024-03-01 16:56:00,40.86341807,31248410.33,8.419371189862986,79.09,175.93,2.12%,129180.37,0.5443216437727383,0.16%
2024-03-04,2024-03-04 16:56:00,41.43915819,21988026.29,8.530964115285641,78.17,154.86,-1.16%,128340.54,-2.198780713351512,0.16%
2024-03-05,2024-03-05 16:56:00,36.95829608,30293131.68,7.622310326479262,77.41,220.43,-0.97%,128098.11,0.3954903968846679,0.16%
2024-03-06,2024-03-06 16:56:00,40.16389603,45481161.4,8.158584580227101,78.41,200.04,1.29%,128890.23,-1.1701603886814516,0.16%
2024-03-07,2024-03-07 16:56:00,42.09287617,50199862.76,8.567478001669006,78.32,215.58,-0.11%,128339.76,-1.2390467403206928,0.16%
2024-03-08,2024-03-08 16:56:00,35.77456971,230369817.8,7.211742472684755,77.5,175.73,-1.05%,127070.79,-0.8938991827287746,0.16%
2024-03-11,2024-03-11 16:56:00,34.37582492,127528767.7,6.914299921556006,77.53,175.74,0.04%,126123.56,-3.46363053607478,0.16%
2024-03-12,2024-03-12 16:56:00,38.83101953,76138919.46,7.721573212829843,77.25,178.8,-0.36%,127667.84,-2.5344599228309006,0.16%
2024-03-13,2024-03-13 16:56:00,37.46750414,45140354.74,7.422982494304111,79.3,209.24,2.65%,128006.05,1.5580812173953351,0.16%
2024-03-14,2024-03-14 16:56:00,38.87781792,39983272.97,7.7637626647495805,80.74,248.8,1.82%,127689.97,0.5288057334105201,0.16%
2024-03-15,2024-03-15 16:56:00,33.73126686,59362464.53,6.655866702184337,80.58,215.8,-0.20%,126741.81,-0.8312094452659791,0.16%
2024-03-18,2024-03-18 16:56:00,37.15295438,35326312.01,7.270636864970645,82.16,323.92,1.96%,126954.18,-0.2839868817476998,0.16%
2024-03-19,2024-03-19 16:56:00,35.47074688,48540819.02,6.884048224197493,82.73,341.7,0.69%,127528.85,-1.167808236694734,0.16%
2024-03-20,2024-03-20 16:56:00,35.9991043,39017855.65,6.961325836830198,81.27,351.16,-1.76%,129124.83,-0.6090699606076555,0.16%
2024-03-21,2024-03-21 16:56:00,35.66924536,47220158.19,6.870304202781309,80.64,115.75,-0.78%,128158.57,-1.4404270101155414,0.16%
2024-03-22,2024-03-22 16:56:00,38.72637964,34426703.6,7.495525033871404,80.17,103.44,-0.58%,127027.1,-2.4673191260325638,0.16%
2024-03-25,2024-03-25 16:56:00,37.93566366,26951702.2,7.458547375250679,81.38,153.14,1.51%,126931.47,-0.965336864927968,0.16%
2024-03-26,2024-03-26 16:56:00,35.58115821,24837945.28,7.046332028279467,81.04,118.75,-0.42%,126863.02,-2.118702359133096,0.16%
2024-03-27,2024-03-27 16:56:00,33.32495434,19995840.9,6.582707030123457,80.78,109.07,-0.32%,127690.62,-3.0365017313090603,0.16%
2024-03-28,2024-03-28 16:56:00,35.27785962,31958472.56,6.969429772017859,82.42,148.49,2.03%,128106.1,-1.5745251657959924,0.16%
2024-04-01,2024-04-01 16:56:00,38.19181245,23697732.39,7.580146961336932,82.82,199.89,0.49%,126990.45,-1.6952420867040408,0.38%
2024-04-02,2024-04-02 16:56:00,39.15776131,45930745.1,7.7435851348679,84.22,197.83,1.69%,127548.52,0.2879883002541605,0.38%
2024-04-03,2024-04-03 16:56:00,38.8569655,31437164.8,7.688358824693312,84.61,190.9,0.46%,127318.39,-4.152221627076525,0.38%
2024-04-04,2024-04-04 16:56:00,37.14923945,165566869.3,7.352208567526916,85.81,218.7,1.42%,127427.53,-0.7113964145701646,0.38%
2024-04-05,2024-04-05 16:56:00,38.87396655,65469213.86,7.74937535882306,86.1,211.84,0.34%,126795.41,-1.0169548949629292,0.38%
2024-04-08,2024-04-08 16:56:00,36.35469978,36384447.13,7.261500005992209,85.53,207.99,-0.66%,128857.16,1.405806952172095,0.38%
2024-04-09,2024-04-09 16:56:00,39.92030535,36989308.88,7.987096166543286,84.46,198.56,-1.25%,129890.37,1.4564810034235265,0.38%
2024-04-10,2024-04-10 16:56:00,38.88335241,55821458.91,7.768125543901709,85.44,233.96,1.16%,128053.74,-2.1303322985156914,0.38%
2024-04-11,2024-04-11 16:56:00,41.16412582,33195542.74,8.319346366208569,84.45,249.97,-1.16%,127396.35,1.009161174962081,0.38%
2024-04-12,2024-04-12 16:56:00,38.25108206,39613424.36,7.63891082398051,85.08,245.33,0.75%,125946.09,-1.3486168482211291,0.38%
2024-04-15,2024-04-15 16:56:00,38.35212907,28691865.05,7.583218797825012,84.86,253.34,-0.26%,125333.89,-1.110856788300563,0.38%
2024-04-16,2024-04-16 16:56:00,38.38682892,37303009.86,7.647692736183608,84.83,217.44,-0.04%,124388.62,-3.369376849472705,0.38%
2024-04-17,2024-04-17 16:56:00,38.38125938,39221615.48,7.84732352893069,82.15,387.63,-3.16%,124171.15,-3.3866715612194342,0.38%
2024-04-18,2024-04-18 16:56:00,38.43870285,45078661.32,7.84479333251699,82.1,366.75,-0.06%,124196.18,-2.1724373313269374,0.38%
2024-04-19,2024-04-19 16:56:00,42.38813734,80546774.08,8.709294707211836,82.22,556.46,0.15%,125124.3,-1.8854949291866152,0.38%
2024-04-22,2024-04-22 16:56:00,41.80939465,51775388.8,8.557853781598608,81.9,313.91,-0.39%,125573.16,-1.1445904062991286,0.38%
2024-04-23,2024-04-23 16:56:00,41.0728453,35456928.95,8.38101603852511,82.56,172.23,0.81%,125148.07,-3.299877846120103,0.38%
2024-04-24,2024-04-24 16:56:00,42.27831419,45388320.56,8.589836077531036,82.09,142.45,-0.57%,124740.69,-2.4058155609991583,0.38%
2024-04-25,2024-04-25 16:56:00,43.40792472,66372367.59,8.814328734745263,82.75,132.56,0.80%,124645.58,-1.800885154800458,0.38%
2024-04-26,2024-04-26 16:56:00,39.98614837,31899064.04,8.213743964915164,83.13,98.78,0.46%,126526.27,-0.2654437833814804,0.38%
2024-04-29,2024-04-29 16:56:00,42.31290394,27886111.43,8.710839720020587,82.03,170.81,-1.32%,127351.79,-1.2930008846689156,0.38%
2024-04-30,2024-04-30 16:56:00,41.92620678,36635262.71,8.582817822268623,81.28,233.66,-0.91%,125924.19,-1.1598108378523042,0.38%
2024-05-02,2024-05-02 16:56:00,43.13902153,33244544.15,8.85393377460337,78.48,174.67,0.05%,127122.25,-0.3342022314331894,0.46%
2024-05-03,2024-05-03 16:56:00,40.14694038,45113817.28,8.225820673687661,77.76,217.26,-0.92%,128508.67,0.9348845834447062,0.46%
2024-05-06,2024-05-06 16:56:00,39.28031492,22977188.74,8.021629415128247,78.14,152.59,0.49%,128465.69,-0.3293810554919396,0.46%
2024-05-07,2024-05-07 16:56:00,38.8631668,23808582.01,7.942442786781387,78.06,192.57,-0.10%,129210.48,0.6784491415598781,0.46%
2024-05-08,2024-05-08 16:56:00,42.44528101,25351736.32,8.675226564064833,78.56,228.44,0.64%,129480.89,0.4840476074437827,0.46%
2024-05-09,2024-05-09 16:56:00,40.58432429,27206435.65,8.29080596719168,78.8,184.46,0.31%,128188.34,-1.310358881878615,0.46%
2024-05-10,2024-05-10 16:56:00,42.71553609,27968675.82,8.741182411443305,77.84,164.35,-1.22%,127599.57,-0.3546714059269207,0.46%
2024-05-13,2024-05-13 16:56:00,39.3118572,18394556.16,8.033813009625407,78.6,200.28,0.98%,128154.79,0.1161976328462488,0.46%
2024-05-14,2024-05-14 16:56:00,40.91107266,53613227.73,8.289144495998379,77.65,259.53,-1.21%,128515.49,0.6465034019508487,0.46%
2024-05-15,2024-05-15 16:56:00,37.47494238,131281260.5,7.618251789961579,78.16,299.56,0.66%,128027.59,2.1492191776701475,0.46%
2024-05-16,2024-05-16 16:56:00,34.09208568,83168472.95,6.944671259497667,78.74,277.25,0.74%,128283.62,3.1313153888193224,0.46%
2024-05-17,2024-05-17 16:56:00,37.8771532,67208298.85,7.64855078550947,79.58,321.03,1.07%,128150.71,3.2048990445848524,0.46%
2024-05-20,2024-05-20 16:56:00,38.02278121,40400209.77,7.7548451408292705,79.3,342.09,-0.35%,127750.92,-1.064016889702779,0.46%
2024-05-21,2024-05-21 16:56:00,36.7550668,27967451.39,7.508849373838077,78.66,371.67,-0.81%,127411.55,-0.5828872778465,0.46%
2024-05-22,2024-05-22 16:56:00,36.46426538,36528660.74,7.417768294072175,77.15,139.45,-1.92%,125650.03,0.061215310660323,0.46%
2024-05-23,2024-05-23 16:56:00,39.26611121,47987806.97,7.942174597491909,76.46,125.72,-0.89%,124729.4,-0.3345397176320874,0.46%
2024-05-24,2024-05-24 16:56:00,36.60755244,23684669.33,7.399052558816395,77.23,139.52,1.01%,124305.57,-0.3488196193238924,0.46%
2024-05-27,2024-05-27 16:56:00,39.33591003,13623302.35,7.933826145623235,78.65,127.55,1.84%,124495.68,-2.502094515634745,0.46%
2024-05-28,2024-05-28 16:56:00,39.31753255,46437727.82,8.038422585459601,79.35,121.48,0.89%,123779.54,-3.377325513773355,0.46%
2024-05-29,2024-05-29 16:56:00,37.54083982,29246739.07,7.599821815089985,78.8,123.48,-0.69%,122707.28,-3.64699231946406,0.46%
2024-05-31,2024-05-31 16:56:00,37.8623923,53929665.53,7.664607036579689,76.73,157.56,-1.04%,122098.09,-4.425901439880375,0.46%
2024-06-03,2024-06-03 16:56:00,38.58068894,43454349.5,7.9281361486139375,74.09,219.93,-3.44%,122031.58,-5.040196898777339,0.21%
2024-06-04,2024-06-04 16:56:00,36.22660377,34090358.46,7.428660084895213,73.06,209.68,-1.39%,121802.06,-4.414642581552042,0.21%
2024-06-05,2024-06-05 16:56:00,40.20645649,18627174.12,8.246632445902986,73.82,159.6,1.04%,121407.33,-4.24942827189092,0.21%
2024-06-06,2024-06-06 16:56:00,38.4838593,25943846.9,7.915395071885476,75.24,145.06,1.92%,122898.8,-4.333367142619949,0.21%
2024-06-07,2024-06-07 16:56:00,38.29781091,46003468.46,7.918005894392987,75.22,139.59,-0.03%,120767.19,-6.534524134574838,0.21%
2024-06-10,2024-06-10 16:56:00,38.82048811,32561002.13,8.03636983190494,77.33,181.84,2.81%,120759.51,-5.360566653947196,0.21%
2024-06-11,2024-06-11 16:56:00,38.78043481,31131258.21,8.010334994732819,77.55,202.57,0.28%,121635.06,-4.522335216040341,0.21%
2024-06-12,2024-06-12 16:56:00,34.07236997,52182384.63,7.037855528473756,78.15,209.18,0.77%,119936.02,-4.771938533383602,0.21%
2024-06-13,2024-06-13 16:56:00,34.36828163,46233638.3,7.025979562924196,78.26,301.73,0.14%,119567.53,-6.700693746991426,0.21%
2024-06-14,2024-06-14 16:56:00,34.58684912,53534798.81,7.028133203283751,78.05,316.38,-0.27%,119662.38,-6.888749363987179,0.21%
2024-06-17,2024-06-17 16:56:00,35.90350455,40941752.05,7.299240576969993,79.72,402.74,2.14%,119137.86,-7.033008244745586,0.21%
2024-06-18,2024-06-18 16:56:00,32.90198744,36180771.7,6.728560387737991,80.71,485.71,1.24%,119630.44,-3.676232231941423,0.21%
2024-06-19,2024-06-19 16:56:00,33.8079353,20776036.52,6.920764646878198,80.59,368.0425,-0.15%,120261.34,-3.886503261157115,0.21%
2024-06-20,2024-06-20 16:56:00,33.08587709,39442846.83,6.760912415963381,81.29,420.5,0.87%,120445.91,-5.718166256650048,0.21%
2024-06-21,2024-06-21 16:56:00,36.52059559,43340129.69,7.468271730639454,79.96,163.22,-1.64%,121341.13,-4.764418924343983,0.21%
2024-06-24,2024-06-24 16:56:00,36.40199654,24599309.6,7.4603427757511165,80.86,158.61,1.13%,122636.96,-1.342345318878313,0.21%
2024-06-25,2024-06-25 16:56:00,35.92709634,18572553.01,7.401086941474568,80.07,173.57,-0.98%,122331.39,-1.8566161752386237,0.21%
2024-06-26,2024-06-26 16:56:00,39.56216198,25553236.17,8.112819025940736,80.19,147.98,0.15%,122641.3,-3.070484888237046,0.21%
2024-06-27,2024-06-27 16:56:00,36.65177548,37731046.76,7.474157893878216,80.83,158.9,0.80%,124307.83,-0.1508887697950545,0.21%
2024-06-28,2024-06-28 16:56:00,39.7594133,22019610.17,8.057271774814575,80.64,110.62,-0.24%,123906.55,0.1026098497376892,0.21%
2024-07-01,2024-07-01 16:56:00,38.93015835,24963620.96,7.880120306459122,82.32,214.49,2.08%,124718.07,-1.7894101485584124,0.38%
2024-07-02,2024-07-02 16:56:00,34.82048383,33346113.54,7.074027147878025,81.91,225.17,-0.50%,124787.08,-1.83694829190012,0.38%
2024-07-03,2024-07-03 16:56:00,40.09497901,38509406.55,8.101632453020812,83.02,156.73,1.36%,125661.89,2.974893875831164,0.38%
2024-07-04,2024-07-04 16:56:00,35.95529838,32698722.04,7.2322836930503875,83.94,173.43,1.11%,126163.98,3.5811545387655963,0.38%
2024-07-05,2024-07-05 16:56:00,36.40822211,32758598.49,7.40124859936575,82.26,168.8,-2.00%,126267.05,4.002822564337749,0.38%
2024-07-08,2024-07-08 16:56:00,37.17542572,48846155.69,7.551069572635685,81.52,143.02,-0.90%,126548.34,-2.2648515931578794,0.38%
2024-07-09,2024-07-09 16:56:00,38.29476549,34832252.01,7.795372109923665,80.56,166.79,-1.18%,127108.22,-0.8426039373003791,0.38%
2024-07-10,2024-07-10 16:56:00,39.1732483,32899729.33,7.957998638902995,81.07,193.21,0.63%,127218.24,5.34842349062199,0.38%
2024-07-11,2024-07-11 16:56:00,38.32339973,17229154.41,7.720576922921954,81.38,205.1,0.38%,128293.61,5.474202914850368,0.38%
2024-07-12,2024-07-12 16:56:00,36.1168375,15778865.07,7.291175431513072,81.02,276.67,-0.44%,128896.98,7.471450194862217,0.38%
2024-07-15,2024-07-15 16:56:00,37.74328152,22969429.93,7.648081361702127,80.84,216.42,-0.22%,129320.96,1.0102275611061806,0.38%
2024-07-16,2024-07-16 16:56:00,38.62017738,19636972.04,7.806629617351581,79.71,272.2,-1.40%,129110.38,0.6444782272280847,0.38%
2024-07-17,2024-07-17 16:56:00,36.74173721,24606020.02,7.340566441571933,81.44,419.58,2.17%,129450.32,8.655905016255971,0.38%
2024-07-18,2024-07-18 16:56:00,35.7724679,21315455.91,7.199562843399682,81.3,398.37,-0.17%,127652.06,6.705333525480639,0.38%
2024-07-19,2024-07-19 16:56:00,39.52568287,30593130.33,7.967602578213191,78.64,427.06,-3.27%,127616.46,6.115947153091761,0.38%
2024-07-22,2024-07-22 16:56:00,37.92634966,25807492.39,7.615121207131956,78.4,345.24,-0.31%,127859.63,1.7585351949378714,0.38%
2024-07-23,2024-07-23 16:56:00,37.77250468,25284637.84,7.597502801858519,75.92,191.99,-3.16%,126589.84,1.4915809744935782,0.38%
2024-07-24,2024-07-24 16:56:00,37.25680517,23863707.18,7.49287154234459,76.58,184.2,0.87%,126422.73,3.086973127840076,0.38%
2024-07-25,2024-07-25 16:56:00,37.30015619,19562666.94,7.503551838664253,77.11,224.03,0.69%,125954.09,2.961382193074069,0.38%
2024-07-26,2024-07-26 16:56:00,40.47402907,32043316.55,8.133684827475333,76.0,161.41,-1.44%,127492.49,3.955592447242484,0.38%
2024-07-29,2024-07-29 16:56:00,36.61587493,39789842.09,7.384466054250277,74.8,178.81,-1.58%,126953.86,3.4607400636702312,0.38%
2024-07-30,2024-07-30 16:56:00,37.97386413,16040724.51,7.685772370871114,73.88,229.37,-1.23%,126139.21,0.1707535303582252,0.38%
2024-07-31,2024-07-31 16:56:00,37.04095792,28560984.72,7.512921712674685,76.84,239.72,4.01%,127651.81,4.54857238143529,0.38%
2024-08-01,2024-08-01 16:56:00,34.9880876,29756049.38,7.0798857929136565,75.4,182.47,-1.87%,127395.1,2.1464652235237525,-0.02%
2024-08-02,2024-08-02 16:56:00,34.08959769,36484257.45,6.838297665041824,72.59,216.86,-3.73%,125854.09,0.8550644826371467,-0.02%
2024-08-05,2024-08-05 16:56:00,37.40049111,44766013.64,7.507274555892329,72.2,228.05,-0.54%,125269.54,-0.7900002415515472,-0.02%
2024-08-06,2024-08-06 16:56:00,37.92094749,36008769.93,7.649207763993949,72.34,175.21,0.19%,126266.7,2.7403847718610708,-0.02%
2024-08-07,2024-08-07 16:56:00,36.74327807,25020730.58,7.414346725992292,74.17,215.9,2.53%,127513.88,5.5865256117990425,-0.02%
2024-08-08,2024-08-08 16:56:00,36.52079562,29870640.8,7.328636770814521,75.04,205.55,1.17%,128660.88,1.6693541772258902,-0.02%
2024-08-09,2024-08-09 16:56:00,36.09612797,66082161.46,7.278032093313977,75.61,143.83,0.76%,130614.59,2.758570610146216,-0.02%
2024-08-12,2024-08-12 16:56:00,38.44277791,39655118.02,7.770142073774633,78.46,244.98,3.77%,131115.9,1.7214677954440871,-0.02%
2024-08-13,2024-08-13 16:56:00,37.70258848,28557096.46,7.618531458131264,76.8,283.2,-2.12%,132397.97,10.730705903182924,-0.02%
2024-08-14,2024-08-14 16:56:00,36.41414355,37955551.24,7.37158256407142,75.84,344.94,-1.25%,133317.66,11.411506272898798,-0.02%
2024-08-15,2024-08-15 16:56:00,37.48340296,33409047.51,7.59326694757313,76.99,237.54,1.52%,134153.42,3.7367956439543937,-0.02%
2024-08-16,2024-08-16 16:56:00,37.96997672,35472742.2,7.632002717533315,75.54,317.68,-1.88%,133953.25,3.750953254107059,-0.02%
2024-08-19,2024-08-19 16:56:00,38.60890318,28138275.63,7.756374064326899,73.66,422.1,-2.49%,135777.98,6.395350568414138,-0.02%
2024-08-20,2024-08-20 16:56:00,40.3374941,27322630.72,8.09778453415775,73.17,329.28,-0.67%,136087.41,12.986327223564498,-0.02%
2024-08-21,2024-08-21 16:56:00,36.08533561,38492083.62,7.245614844487281,71.3,178.98,-2.56%,136463.65,12.462814546065282,-0.02%
2024-08-22,2024-08-22 16:56:00,35.15871286,26334281.19,7.064521953865938,72.28,143.77,1.37%,135173.39,5.720147946619281,-0.02%
2024-08-23,2024-08-23 16:56:00,37.77770655,29239066.84,7.565073302360975,73.93,131.32,2.28%,135608.47,7.124292123285736,-0.02%
2024-08-26,2024-08-26 16:56:00,38.51014988,102270371.7,7.68297619503631,76.17,209.3,3.03%,136888.71,7.370018422261571,-0.02%
2024-08-27,2024-08-27 16:56:00,38.1932255,35073247.53,7.585244975373372,74.46,154.88,-2.24%,136775.91,10.030003741518122,-0.02%
2024-08-28,2024-08-28 16:56:00,37.64644247,43284278.64,7.511261466480447,73.44,131.59,-1.37%,137343.96,10.844793919288364,-0.02%
2024-08-29,2024-08-29 16:56:00,37.02935452,25356581.3,7.434568337783846,74.67,224.37,1.67%,136041.35,7.158104527109299,-0.02%
2024-08-30,2024-08-30 16:56:00,36.64011572,84437156.59,7.343150033068119,72.65,210.33,-2.71%,136004.01,7.820565865284879,-0.02%
2024-09-02,2024-09-02 16:56:00,35.47832166,15288695.93,7.114303807976899,73.78,225.3775,1.10%,134906.07,7.192440070878914,0.44%
2024-09-03,2024-09-03 16:56:00,38.64342675,35866180.94,7.748832314016443,69.59,231.78,-5.68%,134353.48,6.916647521376618,0.44%
2024-09-04,2024-09-04 16:56:00,38.4994967,28850982.13,7.722139100609756,68.52,235.03,-1.54%,136110.73,7.883985587645559,0.44%
2024-09-05,2024-09-05 16:56:00,36.39485477,26206665.56,7.284507179456387,68.5,210.22,-0.03%,136502.49,8.967024226320298,0.44%
2024-09-06,2024-09-06 16:56:00,35.96926769,32971722.07,7.118116775508589,66.98,165.62,-2.22%,134572.45,6.577941769286766,0.44%
2024-09-09,2024-09-09 16:56:00,40.20219239,30521622.44,7.964615339963547,67.91,163.36,1.39%,134737.21,3.1563242666841296,0.44%
2024-09-10,2024-09-10 16:56:00,37.79769251,37263466.82,7.451638772573141,65.14,257.97,-4.08%,134319.58,5.582014025661719,0.44%
2024-09-11,2024-09-11 16:56:00,35.00979546,32906959.35,6.968926380954277,66.6,237.2,2.24%,134676.75,4.975415377274062,0.44%
2024-09-12,2024-09-12 16:56:00,33.15003367,22103538.28,6.561764384402217,68.15,221.59,2.33%,134029.43,2.222102735061116,0.44%
2024-09-13,2024-09-13 16:56:00,35.55120501,34729597.97,7.050872654251205,67.75,230.3,-0.59%,134881.95,1.876146590465111,0.44%
2024-09-16,2024-09-16 16:56:00,32.3967652,22614627.07,6.469002635782747,69.02,235.88,1.87%,135118.22,0.8696840128925576,0.44%
2024-09-17,2024-09-17 16:56:00,37.55362618,23443597.38,7.413753342282939,69.96,289.93,1.36%,134960.19,4.256358732832788,0.44%
2024-09-18,2024-09-18 16:56:00,33.32557282,38776892.49,6.564675035949965,69.88,367.19,-0.11%,133747.69,4.77519125034096,0.44%
2024-09-19,2024-09-19 16:56:00,37.11836874,25059667.77,7.22653390312281,71.16,354.93,1.83%,133122.67,-1.9556263836006396,0.44%
2024-09-20,2024-09-20 16:56:00,35.65690777,48336232.71,6.890756342519228,71.0,307.0,-0.22%,131065.44,-3.690253198293658,0.44%
2024-09-23,2024-09-23 16:56:00,37.55283865,28218408.53,7.134575596086255,69.61,185.35,-1.96%,130568.37,-3.7166557516650767,0.44%
2024-09-24,2024-09-24 16:56:00,33.95035799,35103734.12,6.470555564237931,70.84,167.02,1.77%,132155.76,4.534809523572236,0.44%
2024-09-25,2024-09-25 16:56:00,37.06834879,38655476.55,7.059024373476539,69.13,272.17,-2.41%,131586.45,4.471756335979249,0.44%
2024-09-26,2024-09-26 16:56:00,32.45871955,58048043.3,6.209936970288316,67.19,274.69,-2.81%,133009.78,-2.8336376316206,0.44%
2024-09-27,2024-09-27 16:56:00,34.80968758,34537686.71,6.688639697942087,67.67,169.9,0.71%,132730.36,-2.9577942490019,0.44%
2024-09-30,2024-09-30 16:56:00,36.94632966,21146409.59,7.156535400767056,67.77,189.29,0.15%,131816.44,-3.0790048028730976,0.44%
2024-10-01,2024-10-01 16:56:00,37.9177276,49748223.8,7.349536284695301,69.39,353.03,2.39%,132495.16,4.003340787832488,0.56%
2024-10-02,2024-10-02 16:56:00,37.34375231,32014250.38,7.226098088198301,69.69,241.14,0.43%,133514.94,-1.0311841416772438,0.56%
2024-10-03,2024-10-03 16:56:00,38.69636537,31032868.81,7.560246438340107,73.17,275.08,4.99%,131671.51,-1.996204340966834,0.56%
2024-10-04,2024-10-04 16:56:00,39.84959335,22526748.65,7.789970354804027,73.68,262.04,0.70%,131791.55,-3.173283987235997,0.56%
2024-10-07,2024-10-07 16:56:00,37.99883692,36417956.9,7.347313685757377,76.47,257.21,3.79%,132017.84,3.532133129350301,0.56%
2024-10-08,2024-10-08 16:56:00,39.70550154,34142202.44,7.757404958580806,72.98,329.53,-4.56%,131511.73,2.2157861814718016,0.56%
2024-10-09,2024-10-09 16:56:00,36.69594047,30789732.94,7.242429239362122,72.59,228.02,-0.53%,129962.06,-3.544046963715508,0.56%
2024-10-10,2024-10-10 16:56:00,36.99378453,20630091.73,7.292720746348098,75.11,206.39,3.47%,130352.86,-2.953195654721364,0.56%
2024-10-11,2024-10-11 16:56:00,37.20545004,16343153.04,7.351402892708951,74.85,217.34,-0.35%,129992.29,-3.478298964000848,0.56%
2024-10-14,2024-10-14 16:56:00,37.09738692,22279146.3,7.290150120856014,73.24,174.47,-2.15%,131005.25,-1.7345113918141086,0.56%
2024-10-15,2024-10-15 16:56:00,39.20289938,28204611.16,7.600849095527075,70.01,244.86,-4.41%,131043.27,-2.3183531213740283,0.56%
2024-10-16,2024-10-16 16:56:00,34.12128674,23041217.78,6.630127222913105,69.82,181.55,-0.27%,131749.72,-2.493002054053106,0.56%
2024-10-17,2024-10-17 16:56:00,38.78613284,22174269.21,7.544178954329728,70.09,228.84,0.39%,130793.41,-3.087414147831291,0.56%
2024-10-18,2024-10-18 16:56:00,37.33989416,32000651.15,7.270794874990264,68.69,335.56,-2.00%,130499.26,-2.4287746577155933,0.56%
2024-10-21,2024-10-21 16:56:00,35.09255683,28390169.39,6.824292015246097,70.04,302.75,1.97%,130361.56,-4.471586389489069,0.56%
2024-10-22,2024-10-22 16:56:00,35.26290156,29144322.41,6.877882106495028,71.74,330.46,2.43%,129951.37,-3.863201181830256,0.56%
2024-10-23,2024-10-23 16:56:00,36.6072537,30769210.8,7.155864045976112,70.37,119.31,-1.91%,129233.11,-1.0226519638714904,0.56%
2024-10-24,2024-10-24 16:56:00,36.79758275,23059171.54,7.2032069589899175,69.84,83.73,-0.75%,130066.95,-1.5805667494175113,0.56%
2024-10-25,2024-10-25 16:56:00,35.98919193,32585971.12,7.051588441718753,71.35,99.41,2.16%,129893.32,-1.2867054320562676,0.56%
2024-10-28,2024-10-28 16:56:00,35.01814089,27507265.45,6.799374954370704,66.98,141.39,-6.12%,131212.58,-4.464251649653905,0.56%
2024-10-29,2024-10-29 16:56:00,35.88782867,26090005.31,6.976231687498784,66.81,93.13,-0.25%,130729.93,-3.904268812386835,0.56%
2024-10-30,2024-10-30 16:56:00,35.88186615,26145043.36,6.966270511376873,68.18,92.73,2.05%,130639.33,-0.8929917998088843,0.56%
2024-10-31,2024-10-31 16:56:00,34.45372487,25596765.78,6.663647855098252,68.81,109.2,0.92%,129713.33,1.6149555576219443,0.56%
2024-11-04,2024-11-04 16:56:00,34.24812686,24003539.12,6.645218452404051,71.03,108.26,2.82%,130514.79,-0.9687722771300588,0.39%
2024-11-05,2024-11-05 16:56:00,35.4815458,23990578.98,6.8270502963134,71.56,108.65,0.75%,130660.75,-4.279584936509206,0.39%
2024-11-06,2024-11-06 16:56:00,35.47418935,28440929.27,6.7678169547466425,71.24,158.53,-0.45%,130340.92,-3.1444251776645338,0.39%
2024-11-07,2024-11-07 16:56:00,36.44551548,34081140.24,6.958836705936264,71.96,187.3,1.01%,129681.7,-1.7695638710646944,0.39%
2024-11-08,2024-11-08 16:56:00,34.56587386,49865110.56,6.560607713477709,70.11,211.74,-2.57%,127829.8,-2.799697030827597,0.39%
2024-11-11,2024-11-11 16:56:00,38.7417351,21446161.93,7.331756609450995,67.92,215.31,-3.12%,127873.7,-1.6297812739509363,0.39%
2024-11-12,2024-11-12 16:56:00,35.39176427,39412172.01,6.71812689015015,67.97,181.18,0.07%,127698.32,-4.723671510055649,0.39%
2024-11-13,2024-11-13 16:56:00,37.79662501,34089950.33,7.158180563236241,68.26,254.21,0.43%,127733.88,-5.299500785687039,0.39%
2024-11-14,2024-11-14 16:56:00,38.59813065,30262104.1,7.192287602951589,68.53,176.09,0.40%,127791.6,-2.4530696288889158,0.39%
2024-11-18,2024-11-18 16:56:00,40.56323475,39004120.25,7.578513330468574,69.17,300.55,3.36%,127768.19,-2.0927858134980992,0.39%
2024-11-19,2024-11-19 16:56:00,35.9226793,26002743.35,6.66580306544692,69.24,349.7,0.10%,128197.25,-3.6999107665133257,0.39%
2024-11-21,2024-11-21 16:56:00,40.2351125,36048374.5,7.454535980286804,69.77,131.44,1.48%,126922.11,-2.6383927900218374,0.39%
2024-11-22,2024-11-22 16:56:00,41.75466387,85235103.32,7.785691566287525,70.77,209.42,1.43%,129125.51,-0.6355146544434254,0.39%
2024-11-25,2024-11-25 16:56:00,39.53930819,41119514.58,7.304509179752447,68.58,146.7,-3.09%,129036.1,-0.6599415581955981,0.39%
2024-11-26,2024-11-26 16:56:00,39.27409261,35187852.99,7.263027075859007,68.44,98.59,-0.20%,129922.38,-2.321182697994084,0.39%
2024-11-27,2024-11-27 16:56:00,35.3604158,30600505.63,6.47069661646568,68.35,87.85,-0.13%,127668.61,-3.813558555857144,0.39%
2024-11-29,2024-11-29 16:56:00,38.69990316,44011586.42,7.111861062922669,67.72,106.39,-0.92%,125667.83,-3.8721813742270017,0.39%
2024-12-02,2024-12-02 16:56:00,38.34193581,31711792.96,7.100358483333333,67.84,95.0,0.18%,125235.54,-6.201103786587481,0.52%
2024-12-03,2024-12-03 16:56:00,37.31541636,22536263.38,6.873349854485172,69.54,134.42,2.51%,126139.2,-4.201599875326112,0.52%
2024-12-04,2024-12-04 16:56:00,40.74894349,31584571.56,7.39585521716246,68.19,141.67,-1.94%,126087.02,-3.392542714890767,0.52%
2024-12-05,2024-12-05 16:56:00,40.66297247,25214023.95,7.362612480761919,67.96,129.14,-0.34%,127857.58,-2.145380307399125,0.52%
2024-12-06,2024-12-06 16:56:00,38.03185869,31118420.09,6.841615911421324,66.98,207.12,-1.44%,125945.67,-3.372118287948256,0.52%
2024-12-09,2024-12-09 16:56:00,40.23202817,28548644.46,7.198044150430286,68.09,176.71,1.66%,127210.19,-2.117441043947743,0.52%
2024-12-10,2024-12-10 16:56:00,39.03529245,21837632.54,6.887325096600032,68.27,157.46,0.26%,128228.49,-1.6297072423267056,0.52%
2024-12-11,2024-12-11 16:56:00,41.01275642,46901170.08,7.341667368383367,69.87,231.68,2.34%,129593.31,1.3447722244683602,0.52%
2024-12-12,2024-12-12 16:56:00,38.34434552,38310786.1,6.99216716570324,69.66,231.02,-0.30%,126042.21,-1.2968925511314455,0.52%
2024-12-13,2024-12-13 16:56:00,35.75870488,23235676.19,6.505130958704749,70.82,201.26,1.67%,124612.22,-2.4438778497920866,0.52%
2024-12-16,2024-12-16 16:56:00,37.57200104,21349511.12,6.866228260233918,70.29,210.75,-0.75%,123560.06,-6.216073931694122,0.52%
2024-12-17,2024-12-17 16:56:00,34.58687142,39617276.17,6.3594004854101165,69.65,280.9,-0.91%,124698.04,-4.660303603981275,0.52%
2024-12-18,2024-12-18 16:56:00,35.98054286,58126431.3,6.667137854614857,70.02,326.61,0.53%,120771.88,-5.475783917734134,0.52%
2024-12-19,2024-12-19 16:56:00,36.17939771,43268468.4,6.687504197781886,69.38,291.66,-0.91%,121187.91,-5.467621185321836,0.52%
2024-12-20,2024-12-20 16:56:00,38.84559512,59277431.74,7.123841464175026,69.02,114.62,-0.52%,122102.15,-6.838789844218285,0.52%
2024-12-23,2024-12-23 16:56:00,39.32015699,43785532.81,7.206377396770706,68.81,90.95,-0.30%,120766.57,-6.551370620114295,0.52%
2024-12-26,2024-12-26 16:56:00,37.86760865,22920777.53,6.977117708294949,69.23,69.64,-0.59%,121077.5,-6.807818637558826,0.52%
2024-12-27,2024-12-27 16:56:00,36.0668181,24167282.36,6.597186409365283,70.18,79.13,1.37%,120269.31,-5.795708122771915,0.52%
2024-12-30,2024-12-30 16:56:00,36.61422281,22355586.67,6.60596521668531,70.53,93.1,0.50%,120283.4,-7.927115057923217,0.52%