Date,target_Real,target_Predicted,percentual_erro
2022-01-03,31.24725081,29.280324526107975,6.294717880468875
2022-01-04,28.88218555,29.47232552656583,2.043266343345785
2022-01-05,28.06553624,28.782110760367345,2.5532187029658737
2022-01-06,27.96691405,28.62517759532448,2.353722488464831
2022-01-07,29.00950839,28.592761124430695,1.4365885142437123
2022-01-10,28.50826487,29.098179771030885,2.069276764899385
2022-01-11,28.1293027,29.211484353483506,3.847168431528542
2022-01-12,34.06295487,28.908086106486028,15.13335758212209
2022-01-13,29.98285616,30.833001866904247,2.835439366975393
2022-01-14,31.11149836,29.38029475048127,5.5645137675031915
2022-01-17,31.79449175,30.128747016100434,5.2390984796904805
2022-01-18,34.68700926,30.659987244680707,11.609597083260606
2022-01-19,31.31644759,31.921946796333785,1.933486244228845
2022-01-20,32.02667767,31.26397109917241,2.3814726544115787
2022-01-21,30.35017191,32.10434920001116,5.779793588032947
2022-01-24,35.79145815,31.244034988497894,12.705330815090313
2022-01-25,34.92888151,33.39678770288363,4.386323697991119
2022-01-26,31.45663334,33.16249315819343,5.422893797170183
2022-01-27,35.08417682,32.30786575255709,7.91328547249897
2022-01-28,30.64928633,33.43482282357137,9.088422038867664
2022-01-31,32.52100081,32.01867438252819,1.544621675103385
2022-02-01,32.3815972,32.777341372644266,1.222126784543734
2022-02-02,34.84137526,32.82559234504989,5.785600883741086
2022-02-03,32.63733008,33.44712704097637,2.481198550835537
2022-02-04,31.31115911,32.69467827632701,4.418613700842365
2022-02-07,31.27143071,32.338633170709315,3.412707498438962
2022-02-08,35.17835716,32.01588825323155,8.989814084792942
2022-02-09,32.15976729,33.615508986135225,4.526592754879438
2022-02-10,32.8615753,32.59195371020583,0.8204767645273836
2022-02-11,35.02379875,32.941359240738606,5.945784248378801
2022-02-14,34.37630879,33.55132233635228,2.399869220070863
2022-02-15,33.9726454,33.42806270197359,1.6030035094835744
2022-02-16,32.93700527,33.67663719762084,2.2455955590307424
2022-02-17,32.20485196,33.617224174343946,4.3855882837101134
2022-02-18,34.52744886,33.19320335611424,3.8643037581368556
2022-02-21,33.90752882,34.12538433927738,0.6424989577797799
2022-02-22,34.73082934,33.97894201305368,2.1648988556698745
2022-02-23,32.34088092,34.22619358780134,5.829503137112891
2022-02-24,34.42127725,33.290556281441575,3.2849477384178947
2022-02-25,36.40051288,34.00749893193,6.5741215129549
2022-03-02,34.3676043,34.880671295413975,1.4928797216568626
2022-03-03,33.4583479,34.56825441706863,3.3172783079006423
2022-03-04,30.85384656,34.31469257150867,11.216902906347608
2022-03-07,32.54954568,33.232538247862855,2.09831674634561
2022-03-08,32.89481688,33.5789739329912,2.07983238054492
2022-03-09,32.7314808,33.55481423200362,2.515417609837017
2022-03-10,33.18810808,33.311488901571536,0.3717621422532654
2022-03-11,30.40323015,33.28517747341955,9.479082680363003
2022-03-14,27.42066206,32.022268160579394,16.781528070002377
2022-03-15,28.8283767,30.34835459211817,5.272506003149911
2022-03-16,30.54257354,30.807392860219053,0.8670497915712119
2022-03-17,29.26395845,31.08630539829103,6.22727424727816
2022-03-18,32.75663601,30.23749439309531,7.6904771788398625
2022-03-21,31.64848219,31.47081964718292,0.5613619691158976
2022-03-22,33.76206371,30.81871114059299,8.717928485323064
2022-03-23,32.58354453,31.734363311090284,2.6061658765450257
2022-03-24,32.05392626,31.930808972081515,0.3840942507942318
2022-03-25,32.482265,32.27567115116694,0.6360204524932568
2022-03-28,28.01672246,32.535329554829865,16.128250195151
2022-03-29,32.86626267,31.051672975722393,5.521131844217699
2022-03-30,33.02555447,32.91439781613181,0.33657770672454884
2022-03-31,34.17447923,32.58477679329623,4.651723954606036
2022-04-01,34.15733775,32.88536829466938,3.7238541968354273
2022-04-04,32.39650443,32.96844733455528,1.765446348667311
2022-04-05,29.89578105,32.497320912026964,8.702030088044694
2022-04-06,35.89270005,31.52013772468891,12.182316513441261
2022-04-07,34.54810924,34.32138689527248,0.6562510936633821
2022-04-08,34.70885154,33.71749080797797,2.856218768516565
2022-04-11,33.18419238,33.997776250211466,2.451721171619687
2022-04-12,32.31292633,33.47635516176678,3.6005059395893455
2022-04-13,30.65745465,33.168869554500766,8.191857194839782
2022-04-14,29.53411112,32.547650179792576,10.203588141008451
2022-04-18,30.47833227,32.30286333795392,5.986321862334378
2022-04-19,29.94526311,32.05259327634874,7.037273837293522
2022-04-20,30.92261385,31.402713396490956,1.5525839724281743
2022-04-22,29.95760249,31.408542983254154,4.843313124735153
2022-04-25,28.85698617,30.90034993639814,7.081001995012361
2022-04-26,31.7613081,30.30876184536794,4.57331999695586
2022-04-27,26.44059059,31.28388408056118,18.317644887981228
2022-04-28,28.52786731,29.150314915624882,2.181893230436794
2022-04-29,29.9440769,29.816791961822716,0.4250755119363287
2022-05-02,31.03610366,30.043782981334196,3.197310749882326
2022-05-03,32.83860062,30.22502403896489,7.958854919790159
2022-05-04,30.474108,30.968762314114194,1.6231953831567212
2022-05-05,32.58078828,30.31032215785089,6.96872679272421
2022-05-06,34.46611428,31.06899480241657,9.856404032045793
2022-05-09,33.2023686,32.215991349646195,2.970803867148817
2022-05-10,32.22780902,32.407647039466184,0.5580212398384807
2022-05-11,33.88315814,32.512770754133385,4.044449989591833
2022-05-12,33.4882067,33.34881913901138,0.41622880029767795
2022-05-13,34.8815436,33.31993547423884,4.476889393625232
2022-05-16,34.18716292,34.27362950639842,0.25292121080874663
2022-05-17,31.16073735,34.20362720943591,9.765140745091855
2022-05-18,33.54418664,32.92984508073603,1.8314397241380536
2022-05-19,36.34226184,33.77071956616255,7.075900463099662
2022-05-20,36.34865133,34.76458089182155,4.357989582053774
2022-05-23,32.91804104,34.8308265226312,5.810751254325553
2022-05-24,32.34665274,33.941544848642316,4.930624882462916
2022-05-25,33.07032271,33.539473793627025,1.4186468264646257
2022-05-26,29.95195978,33.74035808546198,12.648248506235069
2022-05-27,27.76770813,32.719410971836474,17.832594676716216
2022-05-30,26.40888178,31.39809558185635,18.89218121168153
2022-05-31,27.9339546,29.973697798871548,7.3020208849038095
2022-06-01,28.14354881,29.897858963114196,6.233436177355337
2022-06-02,28.68271734,29.43930439713116,2.6377802638526435
2022-06-03,29.91495218,29.318197341740273,1.9948380150134246
2022-06-06,28.60120995,29.54269145091582,3.291754099080764
2022-06-07,30.60285265,28.978928366288038,5.306447416142957
2022-06-08,28.12553749,29.84568583403196,6.115966120269022
2022-06-09,30.50943397,29.142926692895017,4.478966336932612
2022-06-10,26.65266241,30.287360694512774,13.637280315939634
2022-06-13,29.08278739,28.696318267025294,1.3288586055805358
2022-06-14,30.13469061,29.748139838506617,1.2827434550302246
2022-06-15,27.59257019,29.868849886803822,8.249610968204706
2022-06-17,29.13263482,28.790000447136553,1.1761187238314037
2022-06-20,27.14860603,29.404615786556185,8.309854856132315
2022-06-21,27.15144904,28.50554787604289,4.9872065172212645
2022-06-22,27.46866175,28.309140143751325,3.0597719007964623
2022-06-23,29.01847327,28.486786292256678,1.8322362199978113
2022-06-24,28.70693876,28.90490800350519,0.689621576024819
2022-06-27,28.81100231,28.73453929931146,0.2653951773902671
2022-06-28,29.10860484,28.938009823796534,0.5860638706017334
2022-06-29,25.72429984,29.01148795785896,12.778532898094847
2022-06-30,28.28836531,27.66267472998669,2.2118301045558333
2022-07-01,29.13700187,28.943195023676704,0.665157133146364
2022-07-04,26.34401166,29.074766266543357,10.365750827121206
2022-07-05,27.60608037,27.825445751661373,0.7946270485387729
2022-07-06,28.09713633,28.341963568582546,0.8713601119596545
2022-07-07,30.2892668,28.381956200611643,6.296985040880411
2022-07-08,28.42223765,29.07154726515094,2.2845126521941546
2022-07-11,28.64143731,28.63369900671828,0.027017859466912132
2022-07-12,32.06942186,28.759408979315317,10.321398667972998
2022-07-13,25.18826441,29.902611058630534,18.716441005593428
2022-07-14,29.22319744,27.498542530217023,5.901663954890547
2022-07-15,27.75047004,29.460157999605414,6.1609333360517535
2022-07-18,31.27276473,28.52837850489952,8.775643115646197
2022-07-19,27.34885791,29.843685586764114,9.122237151453005
2022-07-20,28.94311992,28.243049526676238,2.4187799907500884
2022-07-21,30.70570266,29.03133358004618,5.452958033541448
2022-07-22,32.74155225,29.22969816775354,10.725985302808782
2022-07-25,29.8821905,30.539842433454844,2.2008156780034036
2022-07-26,31.75157686,29.710150788740137,6.429369099559937
2022-07-27,34.46293932,30.89673950603639,10.347927032138033
2022-07-28,33.80713614,31.72745246794349,6.151611492450149
2022-07-29,33.97029946,32.129543927989204,5.418720356522862
2022-08-01,33.2841592,32.75195442099559,1.5989731806246423
2022-08-02,32.96299294,32.929403246243226,0.10190122546795018
2022-08-03,33.46586258,32.84065376025596,1.8681987301223142
2022-08-04,30.97468922,33.52709140703093,8.240283442078493
2022-08-05,35.90099899,32.74661351618602,8.786344565767141
2022-08-08,33.06719294,34.34704105124367,3.8704468007488306
2022-08-09,37.14792091,33.29637603523709,10.368130383647129
2022-08-10,36.82570395,34.637410177521694,5.942299909458495
2022-08-11,31.70057222,34.62584505232534,9.227823434933999
2022-08-12,29.47220719,33.30369044926811,13.00032683187754
2022-08-15,31.02389875,32.24629693064209,3.940182342949685
2022-08-16,30.77833026,32.82928427919941,6.663629904137018
2022-08-17,35.23995762,32.090500900564756,8.93717510502285
2022-08-18,29.51182122,33.58565842455247,13.804086078536052
2022-08-19,33.98200762,31.151494731586585,8.329445746894375
2022-08-22,36.21044627,32.459518894955735,10.358688614539032
2022-08-23,32.57009841,33.02372616227315,1.3927736617887287
2022-08-24,34.46526326,32.42750109116277,5.912510093031081
2022-08-25,34.86099799,33.406037467302,4.173605480587109
2022-08-26,34.99992572,33.86967308916538,3.2293000844534903
2022-08-29,28.23697049,33.92441193285936,20.141825925955967
2022-08-30,32.03340056,31.912245194869207,0.378215746729293
2022-08-31,36.04603375,33.03418180285254,8.355571012434794
2022-09-01,32.6976891,33.82086360781274,3.435027179987291
2022-09-02,30.77899539,32.76850114293951,6.463842395538026
2022-09-05,34.99737685,32.01178366644245,8.530905605737003
2022-09-06,31.45250282,33.191373182325464,5.528559594372733
2022-09-08,31.4303179,31.722264772457358,0.9288702500121995
2022-09-09,31.15437664,32.39061214950106,3.968095795291318
2022-09-12,30.45467442,32.184499985013915,5.680000190308765
2022-09-13,30.28037406,31.55229509468498,4.200479928565913
2022-09-14,30.48114945,31.25637324402816,2.543289239468497
2022-09-15,33.47042919,31.247192343556307,6.642391209933842
2022-09-16,31.29301668,32.08307161167437,2.5247004459602302
2022-09-19,28.65913435,31.369510781576885,9.457286457003146
2022-09-20,29.90774726,30.33231613267497,1.419594959740768
2022-09-21,32.73787129,30.716729127827683,6.173712836331203
2022-09-22,28.06968876,31.68006958057562,12.86220467724068
2022-09-23,29.85950277,29.762444519052863,0.32504978965909154
2022-09-26,28.25898449,30.459742532289916,7.787817156234676
2022-09-27,31.52263154,29.395366710716686,6.74837323331957
2022-09-28,29.35923192,30.52913713776465,3.984795041479582
2022-09-29,31.12836352,29.7187475664794,4.528397236863802
2022-09-30,29.96540939,30.517475237420374,1.8423437512073741
2022-10-03,32.5047423,30.058966574294857,7.524365839089085
2022-10-04,33.73114496,31.28706836292499,7.245756406944719
2022-10-05,34.10944165,31.750336668643413,6.916281437742583
2022-10-06,33.14248045,32.475628601287454,2.0120758605216187
2022-10-07,30.94163022,32.24564955684438,4.214449360206906
2022-10-10,37.58440651,31.98600706879228,14.895537700503978
2022-10-11,34.24868731,34.32831739879759,0.23250552080089645
2022-10-13,37.69889323,33.72958801422953,10.528970151865849
2022-10-14,33.7001221,34.93489792204842,3.6640099355854243
2022-10-17,36.64889408,33.93080627089444,7.416561610760493
2022-10-18,37.54087762,35.01095572934703,6.739112271858954
2022-10-19,35.82730866,35.60494285632555,0.6206600830240805
2022-10-20,35.34109355,35.87997504698565,1.52480142195728
2022-10-21,35.79040072,35.653432649377486,0.3826949904642346
2022-10-24,33.91194342,35.95696272484064,6.0303807408294015
2022-10-25,33.28548269,35.07163588959213,5.366162829084478
2022-10-26,32.28298537,34.88113732674186,8.048053570523484
2022-10-27,32.30784588,34.1475053340618,5.694156957708612
2022-10-28,30.54155245,33.711834491169554,10.380225584012685
2022-10-31,27.89771014,32.64322871916458,17.01042327613983
2022-11-01,27.69342409,31.020582772895366,12.014255341204958
2022-11-03,29.68080455,30.408882170531065,2.453025218048086
2022-11-04,28.78444907,30.719692936846947,6.72322705270713
2022-11-07,29.72806883,29.908533671497104,0.607052017166303
2022-11-08,25.61995163,30.073797069745055,17.3842851230436
2022-11-09,26.5339966,27.912988569115253,5.197075999908943
2022-11-10,28.34843127,28.056879474480137,1.0284583042462712
2022-11-11,27.11116562,28.684785923151168,5.804325513729669
2022-11-14,28.85625062,28.0102632473456,2.931730056669443
2022-11-16,26.84270458,28.670321455281634,6.808616731725901
2022-11-17,28.07123362,27.53165990841007,1.9221588865460442
2022-11-18,27.75707932,28.071563804451166,1.1329883840644923
2022-11-21,23.69800943,28.185426602729102,18.935840100765386
2022-11-22,23.89416463,26.33120731799019,10.199321573813869
2022-11-23,26.76582967,26.259129636732553,1.8930854732120324
2022-11-24,24.40932783,27.313436982165182,11.897538401675781
2022-11-25,26.3048641,25.649446137518318,2.4916226899711744
2022-11-28,23.88056413,26.422448815811787,10.644156779439479
2022-11-29,26.55344489,25.084822619629996,5.530816345878673
2022-11-30,23.49605038,26.418377908406036,12.437526652962669
2022-12-01,25.52475959,24.898826670553465,2.4522578449348433
2022-12-02,24.32267398,26.164699489218563,7.573285366293274
2022-12-05,26.09458796,25.245419401609624,3.2541941635256024
2022-12-06,25.76080397,26.126286370761488,1.4187538602720338
2022-12-07,22.23705647,25.70116444118485,15.57808685631697
2022-12-08,26.40309399,24.22745327292524,8.240097610904124
2022-12-09,24.02734474,26.29520653418961,9.438670060009343
2022-12-12,23.79911697,24.831034911246213,4.335950541975984
2022-12-13,23.45178933,24.83330115376578,5.890858920511122
2022-12-14,23.70483743,24.711433869665242,4.246375629606
2022-12-15,22.34891424,24.60254649038881,10.083855645905471
2022-12-16,20.64273953,23.64326267733938,14.535489066161652
2022-12-19,22.27513987,22.974768633525276,3.1408501477808026
2022-12-20,24.76889929,23.78677140697364,3.9651656358539844
2022-12-21,24.68966549,24.428788802393775,1.056623013835025
2022-12-22,26.60067223,24.05321237470489,9.576674729378105
2022-12-23,23.64225337,24.95965303636221,5.572225480139205
2022-12-26,24.18562826,23.77266252286336,1.7074840177694905
2022-12-27,23.88423347,24.446085246674905,2.3523961000491043
2022-12-28,25.38738479,24.79532501675706,2.332102255275019
2022-12-29,22.5532972,25.753349448094344,14.18884440583856
2023-01-02,20.32336551,24.26098104390251,19.37482023813935
2023-01-03,22.94340483,23.071839440418948,0.5597887993111333
2023-01-04,21.55957628,24.316695682075594,12.788374716961698
2023-01-05,21.0479965,23.0153650300283,9.34705842443626
2023-01-06,23.41554598,22.684182621176888,3.1234093770343656
2023-01-09,21.7834274,23.875903135841288,9.605814996042756
2023-01-10,23.022381,22.556249433138685,2.0246887881028215
2023-01-11,24.72568454,23.4565331574326,5.13292718150727
2023-01-12,24.04769278,24.22396748259716,0.7330212682347901
2023-01-13,22.29474434,23.844524387221707,6.951324597345465
2023-01-16,24.83547638,23.36599967598493,5.916845248027688
2023-01-17,24.73133097,25.056083318673416,1.3131211945986805
2023-01-18,25.68326763,24.68647831282418,3.881084492580282
2023-01-19,26.82533846,25.48526754235075,4.9955415088143855
2023-01-20,26.09252065,26.03233858288937,0.23064872849159176
2023-01-23,28.54716896,25.75350583556224,9.786130205598363
2023-01-24,27.09951665,26.978405507497232,0.44691255592106494
2023-01-25,25.60154753,26.900636476579542,5.074259456610048
2023-01-26,26.23208096,26.61372985009706,1.4548936879198224
2023-01-27,25.77240251,27.10005376495175,5.151445444159136
2023-01-30,26.81752223,26.859365612192057,0.1560300084145986
2023-01-31,26.04268304,27.336545373709367,4.9682374574158565
2023-02-01,25.24456936,26.889123178650294,6.514485532306559
2023-02-02,23.94053505,26.441479566543247,10.446485474614512
2023-02-03,21.79741538,25.56919713284142,17.303802708197143
2023-02-06,25.15903774,24.3747181341499,3.1174467559350196
2023-02-07,28.17463426,26.008383511481398,7.688656145553114
2023-02-08,21.44589123,26.61577059382077,24.106619344356194
2023-02-09,25.71251209,23.487869902129052,8.651983050447049
2023-02-10,26.91771453,25.809034869886275,4.118773378319671
2023-02-13,24.81928134,25.581904558270402,3.0727046759461176
2023-02-14,26.0215197,24.815133885713678,4.636108221943398
2023-02-15,26.14488881,25.937785366316092,0.7921374047102294
2023-02-16,25.07535837,25.92838031574214,3.4018335178120083
2023-02-17,28.48899944,25.351188657648727,11.01411367204995
2023-02-22,24.66415553,27.426440718306875,11.199593616521751
2023-02-23,25.47796294,25.720671485183704,0.9526214703870786
2023-02-24,28.42217023,26.148658459578265,7.9990787192668735
2023-02-27,26.0858002,27.403406028162006,5.051046232279296
2023-02-28,25.20086958,26.264017312670696,4.218694633912297
2023-03-01,24.49943893,26.096427249175555,6.518468948364423
2023-03-02,26.02024854,25.838174671576116,0.6997391594626357
2023-03-03,24.83375761,26.37750244123427,6.216315933649281
2023-03-06,28.32700368,25.80220831151878,8.913033644514362
2023-03-07,23.62543519,27.29267305343634,15.522414016689009
2023-03-08,24.11041673,25.005835328275502,3.713824643940534
2023-03-09,25.13934502,25.314542264884373,0.696904572275022
2023-03-10,22.9310768,25.59481539968371,11.616282230949187
2023-03-13,24.07861546,24.42182229063697,1.4253594904869555
2023-03-14,25.67966905,24.930375512439678,2.917847329346026
2023-03-15,24.24386533,25.343765927497792,4.5368202740210215
2023-03-16,23.60183655,24.42294365334004,3.4789966518094544
2023-03-17,21.88653946,24.349960861369038,11.255417540407441
2023-03-20,25.12740311,23.512093619439742,6.428477640482512
2023-03-21,22.25328046,25.09838151531718,12.785086048015323
2023-03-22,23.64422553,23.441612570369323,0.8569236466366821
2023-03-23,20.9679715,24.219209307696836,15.5057336266259
2023-03-24,23.64903116,22.50148195358164,4.852415300459866
2023-03-27,22.38387404,24.035866777522116,7.380280708200939
2023-03-28,22.23436162,22.965548364321734,3.288543907030924
2023-03-29,27.40279975,23.094997163803676,15.72030093821462
2023-03-30,24.02563887,25.22226007260956,4.9806009700068365
2023-03-31,24.87979176,23.449786585855556,5.747657327435944
2023-04-03,23.12646296,24.21733766574456,4.71699761278392
2023-04-04,21.51922193,23.770112486927168,10.459906795185729
2023-04-05,23.94867141,23.143685375871186,3.361297252559419
2023-04-06,25.23695766,24.543458129594782,2.747952188802853
2023-04-10,23.2458675,24.922246567621194,7.211514337424468
2023-04-11,25.37059418,23.896015604480368,5.812156250885383
2023-04-12,27.9739023,25.067344285198644,10.39024868118366
2023-04-13,23.62122833,25.722255036935728,8.894654746922413
2023-04-14,26.58090873,24.128322775005774,9.226870231965266
2023-04-17,27.41570014,26.21142517704383,4.39264712119867
2023-04-18,26.63031282,26.384561182112982,0.9228267033440658
2023-04-19,27.96543592,26.14651498389917,6.504175158592811
2023-04-20,27.38753448,27.182280776588854,0.7494420629977979
2023-04-24,26.43540122,27.120755926087057,2.592564040861028
2023-04-25,27.71027416,26.6794450918349,3.7200247901304087
2023-04-26,26.2958264,27.75202917757115,5.537771490502196
2023-04-27,24.21048794,27.14135361616109,12.105768720665818
2023-04-28,25.13639057,26.131728208350744,3.959747663766286
2023-05-02,22.72591674,26.45344148793682,16.402087495885205
2023-05-03,23.68451822,24.79742154009847,4.698864083959686
2023-05-04,24.29567954,25.108984102820948,3.34752753666321
2023-05-05,20.98854262,25.031876983482054,19.26448365990479
2023-05-08,27.70003343,23.042719034086574,16.813389080135227
2023-05-09,22.59447472,26.464723679168234,17.129183161502738
2023-05-10,27.09114418,23.378752958249894,13.70333861532055
2023-05-11,25.69651252,25.619105302306487,0.30123627723125795
2023-05-12,26.2023022,24.79281303838512,5.379256947944363
2023-05-15,25.59089531,25.398985829220635,0.7499131173592595
2023-05-16,23.72661369,25.21045884794391,6.253927245291238
2023-05-17,25.33695182,25.137405964665405,0.7875685155507977
2023-05-18,27.24227033,25.803248870768243,5.282311062184357
2023-05-19,25.5817167,26.77182744021178,4.652192634952363
2023-05-22,28.54642755,25.939796835609172,9.131197624729852
2023-05-23,30.46445673,27.22617011659945,10.62972053662664
2023-05-24,27.76666769,27.6984038887816,0.2458480145350133
2023-05-25,22.62254321,27.027104206580287,19.469787086684878
2023-05-26,25.90578748,25.357586136341865,2.116134643972365
2023-05-29,24.99073577,27.175115698582204,8.74075877031372
2023-05-30,27.2413442,25.999520402889654,4.558599560995033
2023-05-31,27.19246026,27.083265893489024,0.40156118816362185
2023-06-01,28.14301805,26.69826439302326,5.133613084460002
2023-06-02,26.30338199,27.021264967935068,2.729242111177922
2023-06-05,30.77179922,26.148436624230193,15.024674256826914
2023-06-06,27.81637451,28.657051560856182,3.022238036642622
2023-06-07,30.68243352,27.55889882566934,10.180205205348592
2023-06-09,30.00866674,29.197403983022404,2.703428192950083
2023-06-12,29.03799884,28.99767063169733,0.1388808110534097
2023-06-13,29.51151581,29.014697356128757,1.6834731806723897
2023-06-14,29.96562845,29.372616022200603,1.9789754411087532
2023-06-15,28.87384045,30.00649400530054,3.922767244149329
2023-06-16,30.42160886,29.45407611638575,3.180412804815247
2023-06-19,31.19547202,30.406572057476737,2.528892532921076
2023-06-20,32.24022957,30.469972564555768,5.490832506637853
2023-06-21,33.99299667,30.879455828852816,9.159359709804546
2023-06-22,30.29003839,31.551824281400158,4.1656794063910025
2023-06-23,30.8712758,30.644498040479803,0.7345914726342353
2023-06-26,31.36665413,31.021799280591246,1.0994314152204243
2023-06-27,29.28521445,31.431806208316257,7.329950620581011
2023-06-28,30.75808956,30.74594892342973,0.039471361010852656
2023-06-29,31.0122849,31.236458498503048,0.7228541825470158
2023-06-30,30.39498816,31.10749486719645,2.344158528523836
2023-07-03,34.64375397,30.738917463670553,11.2714012162506
2023-07-04,29.57524891,32.16373958157902,8.752219396212087
2023-07-05,29.8270526,30.48526858906917,2.206775164466547
2023-07-06,28.3644759,30.543246277383467,7.681334867828349
2023-07-07,29.81997932,29.9636493406433,0.48179114781256926
2023-07-10,27.43220692,30.45249410391476,11.010004381793868
2023-07-11,27.35627839,29.241567559437676,6.891614212139463
2023-07-12,31.16270702,28.968662194913378,7.040610508190123
2023-07-13,29.67461851,30.22803759910522,1.8649577210865471
2023-07-14,28.33894168,29.414396562372687,3.7949719312619217
2023-07-17,27.74588265,28.942380044622347,4.312342157989875
2023-07-18,31.43892869,28.81606509205517,8.342725745547126
2023-07-19,28.76256757,30.11456285725628,4.70053754403498
2023-07-20,32.50573559,29.174583414316782,10.24789045754746
2023-07-21,31.0564823,31.019064157427927,0.12048416240648123
2023-07-24,29.40594032,30.310339946080752,3.0755677806556645
2023-07-25,30.27386117,29.860285584323478,1.3661144290585454
2023-07-26,30.3668487,30.47084339496604,0.3424612675270464
2023-07-27,29.66222702,30.721407773105142,3.570806576293078
2023-07-28,30.33903166,30.36593433487232,0.08867347901479247
2023-07-31,30.01409158,30.875833781251384,2.87112538107137
2023-08-01,30.30817807,30.530784044015796,0.7344749443587908
2023-08-02,31.48997894,30.707808204908524,2.4838718901076415
2023-08-03,29.05677129,31.11861647840437,7.095919804117952
2023-08-04,29.33513196,30.26084495580752,3.1556462642465055
2023-08-07,30.84500741,30.33098095947574,1.6664818513144997
2023-08-08,30.70732363,30.887665828164742,0.5872937685411077
2023-08-09,31.31305365,30.752456706575735,1.7902979047981327
2023-08-10,32.39752693,30.997217615026905,4.3222722462695495
2023-08-11,29.88056907,31.43604269076583,5.2056358669805975
2023-08-14,32.35889224,30.535882197069718,5.633722036617793
2023-08-15,32.94445557,31.681790190951162,3.8327098056483084
2023-08-16,31.48357634,32.06761117381367,1.8550460325933475
2023-08-17,31.52227751,31.753270496072062,0.732792819296716
2023-08-18,29.93287084,31.89392288721558,6.551500047215589
2023-08-21,31.49177007,31.137433714557183,1.125171289689968
2023-08-22,33.40581066,31.701784313384543,5.1009878609407675
2023-08-23,33.93987187,32.48606383456888,4.283481213481424
2023-08-24,30.21584274,32.63529001504828,8.00721428115388
2023-08-25,32.41621849,31.32917083460753,3.3534067390612146
2023-08-28,33.15499401,32.241373759872545,2.755603725495766
2023-08-29,33.84164204,32.43697210595559,4.1507144729683265
2023-08-30,31.22493555,33.10119331218762,6.008844307086542
2023-08-31,31.5794792,32.286022460157646,2.237349310553686
2023-09-01,32.7874702,32.40772556668882,1.1582004680287397
2023-09-04,32.27559469,32.64548222789168,1.1460285749786077
2023-09-05,36.22396144,32.713585826697894,9.690755714602215
2023-09-06,32.48890972,33.98690774353068,4.610798073683948
2023-09-08,32.45968643,32.804692807398524,1.0628764949487108
2023-09-11,31.59288064,32.750492343321255,3.664153694980233
2023-09-12,32.41345774,32.62680770375022,0.658214145067691
2023-09-13,32.51620837,33.01831174252128,1.5441633501909928
2023-09-14,33.00283514,33.02738230741055,0.07437896564466481
2023-09-15,34.78621943,33.259252286207435,4.389574862727668
2023-09-18,34.97970028,33.63110721369562,3.8553591240330136
2023-09-19,32.34073193,33.779060827751216,4.447422219337568
2023-09-20,34.41436668,33.10691619904672,3.799141483876577
2023-09-21,35.51638038,33.97032495428803,4.353077113068045
2023-09-22,34.12339252,34.45841983418974,0.9818112721159693
2023-09-25,33.83999875,34.27931231394314,1.298207979227948
2023-09-26,33.91617375,34.321348248860815,1.1946350488926138
2023-09-27,34.64012632,34.372887805197074,0.7714709592402156
2023-09-28,32.36818567,34.44607571833412,6.419544393122973
2023-09-29,35.49417493,33.855265693548425,4.6174033899471025
2023-10-02,33.68060658,34.78730057108502,3.285849346140299
2023-10-03,32.43592206,34.03875421279607,4.941534110950038
2023-10-04,33.70363188,33.45899892364589,0.7258355931049584
2023-10-05,34.88261697,33.8164816957467,3.0563511767772575
2023-10-06,36.26592093,34.22889548833146,5.616913591138026
2023-10-09,36.07019959,34.64256451431178,3.9579350597328435
2023-10-10,32.3396262,34.9382552821113,8.035433267040364
2023-10-11,35.13642958,33.6381417056667,4.264200694956612
2023-10-13,38.28183607,34.712392710297614,9.324117456580455
2023-10-16,36.17878868,35.82429603315622,0.9798355881377002
2023-10-17,37.1545281,35.58808107511493,4.216032621028154
2023-10-18,37.54515966,36.01410167886383,4.077910428404267
2023-10-19,41.24573889,36.16625676057647,12.315168223729026
2023-10-20,33.47701968,37.33314936594854,11.518736502856294
2023-10-23,36.48142529,35.774824384317,1.9368785623534417
2023-10-24,38.33828691,36.65171409624858,4.399186686955226
2023-10-25,34.44394157,36.99846550872378,7.416468099425424
2023-10-26,35.98557756,35.84353870737476,0.39471049863911356
2023-10-27,34.74137943,36.14636415232005,4.044124745106716
2023-10-30,33.78930564,35.46952859113053,4.972647171362623
2023-10-31,36.03983593,34.701520870316315,3.713432720068676
2023-11-01,33.14121368,35.66098707842949,7.603141583043838
2023-11-03,34.20060155,34.55201509188232,1.0275069032588868
2023-11-06,34.57720825,34.65789423206355,0.23335019264763662
2023-11-07,32.35056705,34.71665244875093,7.313891577523138
2023-11-08,34.81767335,33.73759046192117,3.1021110377521173
2023-11-09,34.71080609,34.445074806057434,0.7655578013762121
2023-11-10,35.27928109,34.47082116069433,2.291599784143078
2023-11-13,34.54791966,34.60314011017287,0.15983726579291013
2023-11-14,35.61581735,34.588100143694426,2.8855640071547435
2023-11-16,39.0429262,34.97271984610523,10.424952097711286
2023-11-17,37.40578069,35.991330255106966,3.7813685713854674
2023-11-20,34.26842661,36.191693429325056,5.612358107984513
2023-11-21,34.84275618,35.41176915488541,1.6330883008963226
2023-11-22,36.02766781,35.62663211793297,1.1131325352003854
2023-11-23,36.31834052,35.919081677238076,1.0993311837639104
2023-11-24,33.89515148,36.181523685079725,6.745425540962126
2023-11-27,34.9242208,35.367017328982044,1.2678780480681289
2023-11-28,35.07492432,35.459754520088275,1.0971661594401236
2023-11-29,33.5511941,35.28311236528516,5.162016767937231
2023-11-30,32.93159367,34.792397425394434,5.650512313619336
2023-12-01,34.6907414,34.431458234314576,0.7474131575793431
2023-12-04,35.49649302,34.792978756023096,1.9819261119134248
2023-12-05,33.763501,34.96918419110605,3.5709661480486106
2023-12-06,31.08346647,34.37882977634394,10.60165959779434
2023-12-07,32.40995314,33.18883147735655,2.403207230791301
2023-12-08,35.37936866,33.43253714209739,5.502731087747481
2023-12-11,36.12549335,34.31339140322058,5.01613065660575
2023-12-12,35.28714333,34.594259267339126,1.963559521328
2023-12-13,36.47252199,34.484574710343864,5.450534186259965
2023-12-14,34.4889419,34.93610716883852,1.2965467892145386
2023-12-15,35.79089949,34.492961672226826,3.6264464885433214
2023-12-18,35.11743846,35.478072859126776,1.0269382248296635
2023-12-19,35.74143398,35.78356054240035,0.11786477963902692
2023-12-20,36.16267994,36.00077139135531,0.4477227597991157
2023-12-21,36.62647835,36.08483630621161,1.4788264342874935
2023-12-22,40.03097768,36.300288299242766,9.319506035000327
2023-12-26,38.30034624,37.22741009348711,2.80137453533604
2023-12-27,35.48067412,37.19109655312816,4.820715715105354
2023-12-28,36.59014744,36.430072637228946,0.43748061697085244
2024-01-02,40.7860911,36.93449424780426,9.443407662559112
2024-01-03,37.36003351,38.3050289137908,2.529428683563294
2024-01-04,40.80697059,37.57991417199831,7.90810092330769
2024-01-05,38.01461044,38.78857798287916,2.0359738898304567
2024-01-08,36.91414507,37.9643653850418,2.8450349129047448
2024-01-09,38.86336452,37.5570776031075,3.36122961309809
2024-01-10,37.79366629,38.432032711504064,1.6890830770577427
2024-01-11,42.1039743,38.25548029315486,9.140453058953005
2024-01-12,40.29318815,39.369480076374415,2.2924670795144895
2024-01-15,40.56600287,39.318574452416044,3.075058742123375
2024-01-16,37.26608196,39.25842606118253,5.346266622074836
2024-01-17,39.02593417,38.44690291496687,1.4837088908898997
2024-01-18,35.56511769,39.12491906181319,10.009249520392032
2024-01-19,37.28557753,37.909235957038305,1.67265325724541
2024-01-22,36.33371931,38.13838567483327,4.966918881702766
2024-01-23,38.74442028,37.465986757755346,3.299658410180384
2024-01-24,39.55146835,38.008313281300886,3.901637873576227
2024-01-25,38.84071844,38.06093299208565,2.0076493927859396
2024-01-26,39.94939426,38.093094172962935,4.64662886990433
2024-01-29,43.0433332,38.359341182232725,10.882038331007493
2024-01-30,38.63253187,39.6359858853567,2.597432699294379
2024-01-31,41.95558893,38.939983294891405,7.1876136458003765
2024-02-01,41.39998125,40.195825023319685,2.9085912368144324
2024-02-02,42.46770263,40.32940415893561,5.035116897408652
2024-02-05,41.34530221,40.837920873268004,1.2271801380357976
2024-02-06,43.221063,40.9414324807877,5.274350885845413
2024-02-07,41.02227128,41.68636085260155,1.6188513016960244
2024-02-08,44.11055024,41.06866881139102,6.896040543721363
2024-02-09,40.90278467,42.334743725878056,3.500884028877179
2024-02-14,43.7053768,41.5534811007671,4.923640651996169
2024-02-15,43.65377486,42.334674541450696,3.0217325369449233
2024-02-16,40.98635791,42.52661059277195,3.757964262533689
2024-02-19,41.39305712,41.90681289901242,1.241164134175989
2024-02-20,40.99514081,41.69556702276482,1.708559109507831
2024-02-21,39.82585841,41.626209914601716,4.520559195654796
2024-02-22,44.94041036,40.97602028906675,8.821437185766829
2024-02-23,41.73356733,42.37588574108062,1.5390929943793599
2024-02-26,42.9591689,41.554617563763166,3.269503047198931
2024-02-27,41.46094069,41.74541070232977,0.686115673198851
2024-02-28,39.90871215,41.48132492314278,3.940524984198919
2024-02-29,40.86341807,40.88063463385096,0.04213197197910827
2024-03-01,41.43915819,41.07010834483712,0.890582389417221
2024-03-04,36.95829608,41.4173462687354,12.065085952781306
2024-03-05,40.16389603,39.595046002792216,1.4163218298914124
2024-03-06,42.09287617,40.162686628881396,4.585549187285676
2024-03-07,35.77456971,40.44151198568793,13.045418333524744
2024-03-08,34.37582492,38.36929150110278,11.617078543995504
2024-03-11,38.83101953,37.22634593825113,4.132452897635445
2024-03-12,37.46750414,38.27247503949882,2.1484508188508853
2024-03-13,38.87781792,37.49461314069316,3.557825138625571
2024-03-14,33.73126686,38.06221933759535,12.839578470535256
2024-03-15,37.15295438,36.08040395400699,2.8868509756262557
2024-03-18,35.47074688,36.76920685767147,3.6606502312010814
2024-03-19,35.9991043,36.19782965965274,0.5520286227030959
2024-03-20,35.66924536,36.59105501703226,2.5843262107978138
2024-03-21,38.72637964,36.214690146847474,6.485732765368625
2024-03-22,37.93566366,37.04352352455876,2.351718803279914
2024-03-25,35.58115821,36.81202860978911,3.459332022090215
2024-03-26,33.32495434,36.516753150791324,9.577804003050664
2024-03-27,35.27785962,35.422738260578015,0.41067865833866607
2024-03-28,38.19181245,36.01896960948151,5.689289670038929
2024-04-01,39.15776131,36.91398495169186,5.730093558068474
2024-04-02,38.8569655,37.31326448523605,3.9727780975690288
2024-04-03,37.14923945,37.31169647565248,0.43730915641256574
2024-04-04,38.87396655,36.81735512326614,5.29045942376019
2024-04-05,36.35469978,37.52524661468648,3.2197950795083785
2024-04-08,39.92030535,37.49308090186685,6.080175055908366
2024-04-09,38.88335241,38.88968725466465,0.01629191999149968
2024-04-10,41.16412582,38.722588023319986,5.9312271256681734
2024-04-11,38.25108206,39.29339835276768,2.7249328296980466
2024-04-12,38.35212907,38.58424587047482,0.6052253319526603
2024-04-15,38.38682892,38.664831414604635,0.7242132325751781
2024-04-16,38.38125938,38.64183160104916,0.678904822974465
2024-04-17,38.43870285,38.85443698313945,1.0815508909386935
2024-04-18,42.38813734,38.76639748311157,8.544229787305941
2024-04-19,41.80939465,39.85515763640184,4.6741576383913515
2024-04-22,41.0728453,39.786623579584145,3.131562254869771
2024-04-23,42.27831419,39.91858468337381,5.581418161617089
2024-04-24,43.40792472,40.51711606761265,6.659633398819048
2024-04-25,39.98614837,41.271330733276216,3.21406891052411
2024-04-26,42.31290394,40.920034229327385,3.2918319968010525
2024-04-29,41.92620678,41.828817325671295,0.23228777847645282
2024-04-30,43.13902153,41.74284359349825,3.2364617624227106
2024-05-02,40.14694038,42.08009931654975,4.815208626739571
2024-05-03,39.28031492,41.38383881526066,5.355160465349592
2024-05-06,38.8631668,40.74281973413968,4.836592302971248
2024-05-07,42.44528101,40.235149287211826,5.207013995896211
2024-05-08,40.58432429,41.250442740433336,1.6413195540068894
2024-05-09,42.71553609,40.73606020097191,4.634088835634434
2024-05-10,39.3118572,41.15474866080467,4.687876869894288
2024-05-13,40.91107266,40.19956093593738,1.7391666309407021
2024-05-14,37.47494238,40.576248054420034,8.275678299842212
2024-05-15,34.09208568,39.50127614977754,15.866411109458243
2024-05-16,37.8771532,37.91151200859302,0.0907111693732551
2024-05-17,38.02278121,38.53158796336412,1.3381629043756094
2024-05-20,36.7550668,38.16121006882543,3.8257127281984187
2024-05-21,36.46426538,37.51139592173896,2.8716622447391775
2024-05-22,39.26611121,37.07925070183248,5.569333047705999
2024-05-23,36.60755244,37.70983272499915,3.0110734302868174
2024-05-24,39.33591003,36.94064202360412,6.089265519900521
2024-05-27,39.31753255,38.226556047208675,2.7747837466757
2024-05-28,37.54083982,38.29651180960121,2.012933096927215
2024-05-29,37.8623923,37.833271354238676,0.07691258790672804
2024-05-31,38.58068894,37.9338201687532,1.6766646449802902
2024-06-03,36.22660377,38.398388806944695,5.995000389032323
2024-06-04,40.20645649,37.521902389224294,6.676922900289406
2024-06-05,38.4838593,38.72630525121322,0.6299938613828687
2024-06-06,38.29781091,38.20742168990503,0.2360166754893246
2024-06-07,38.82048811,38.125542630258145,1.7901513184808173
2024-06-10,38.78043481,38.3791464824108,1.0347700575180823
2024-06-11,34.07236997,38.504532011871596,13.008082636382573
2024-06-12,34.36828163,36.63370271103322,6.591604158224028
2024-06-13,34.58684912,36.51245602526596,5.567453972418884
2024-06-14,35.90350455,35.98655915629411,0.2313272961374809
2024-06-17,32.90198744,36.10353772304512,9.730568066392536
2024-06-18,33.8079353,34.74046062117317,2.758303081505168
2024-06-19,33.08587709,34.715125212706994,4.9243008377112885
2024-06-20,36.52059559,34.14629975633623,6.501251678145955
2024-06-21,36.40199654,35.20845963023505,3.27876771389021
2024-06-24,35.92709634,35.18265504208066,2.0720886844687803
2024-06-25,39.56216198,35.21391912770977,10.990913121705557
2024-06-26,36.65177548,36.34815655499594,0.8283880413098594
2024-06-27,39.7594133,36.112295110652155,9.172967824824124
2024-06-28,38.93015835,37.40415758715841,3.919842167406932
2024-07-01,34.82048383,37.90989871126023,8.872406530429972
2024-07-02,40.09497901,36.755078335674014,8.32997237258309
2024-07-03,35.95529838,38.41318225530843,6.835943479961813
2024-07-04,36.40822211,37.42699710688187,2.798200345525945
2024-07-05,37.17542572,37.19146546181963,0.04314608779585087
2024-07-08,38.29476549,37.467677247362936,2.159794509912972
2024-07-09,39.1732483,37.56954229383615,4.093880583714185
2024-07-10,38.32339973,37.7805266829257,1.4165576407599734
2024-07-11,36.1168375,38.05371229907816,5.362802872976224
2024-07-12,37.74328152,37.21086167663431,1.410634745904541
2024-07-15,38.62017738,37.85234733300254,1.9881577431466995
2024-07-16,36.74173721,38.32733518058994,4.315522593630636
2024-07-17,35.7724679,37.84144232506527,5.783706147557325
2024-07-18,39.52568287,37.261637227463154,5.728036755198615
2024-07-19,37.92634966,38.21675090479498,0.765697852280409
2024-07-22,37.77250468,37.761839637536596,0.028234935844877004
2024-07-23,37.25680517,37.82286710952083,1.5193517987866394
2024-07-24,37.30015619,37.700117720153514,1.072278432605436
2024-07-25,40.47402907,37.5940224576018,7.115690428094555
2024-07-26,36.61587493,38.65371889652167,5.56546571785461
2024-07-29,37.97386413,37.82409089140191,0.3944113722147398
2024-07-30,37.04095792,37.98159733930189,2.5394575953825536
2024-07-31,34.9880876,37.68910738979152,7.719826875566424
2024-08-01,34.08959769,36.88246784546215,8.192734278824968
2024-08-02,37.40049111,36.168855701415964,3.2930995610769487
2024-08-05,37.92094749,37.09054840670653,2.1898162842910325
2024-08-06,36.74327807,36.94469975302836,0.5481864809248286
2024-08-07,36.52079562,36.74414397129634,0.6115648564184742
2024-08-08,36.09612797,36.55143972154068,1.2613866836883445
2024-08-09,38.44277791,36.340377695696276,5.468908150253185
2024-08-12,37.70258848,37.35322754789358,0.9266232006636517
2024-08-13,36.41414355,37.65923703430896,3.41925791169393
2024-08-14,37.48340296,37.233464808574325,0.6667968532430013
2024-08-15,37.96997672,37.496230793677306,1.2476855854197964
2024-08-16,38.60890318,37.736651207632306,2.2591990461400426
2024-08-19,40.3374941,38.033690585073415,5.711320364163586
2024-08-20,36.08533561,38.83389909954548,7.616843360558328
2024-08-21,35.15871286,37.58892051885783,6.912106448648392
2024-08-22,37.77770655,36.95748385003101,2.1711818288476463
2024-08-23,38.51014988,37.81766960694823,1.79817600089738
2024-08-26,38.1932255,38.06681543039039,0.33097510868676205
2024-08-27,37.64644247,37.946067574522004,0.7958922141468625
2024-08-28,37.02935452,37.80750667405499,2.101446714753572
2024-08-29,36.64011572,37.41704649067762,2.120437546144364
2024-08-30,35.47832166,37.38337958196783,5.369639353926054
2024-09-02,38.64342675,37.16730611912469,3.8198492085728772
2024-09-03,38.4994967,37.98640244249944,1.332729779557253
2024-09-04,36.39485477,37.80246987138838,3.867621152176341
2024-09-05,35.96926769,37.148111654684314,3.2773643735094673
2024-09-06,40.20219239,36.83477425878446,8.376205204304126
2024-09-09,37.79769251,38.1017140151784,0.8043387968669534
2024-09-10,35.00979546,37.51486204897078,7.155330546940526
2024-09-11,33.15003367,36.81353293548027,11.051268610914413
2024-09-12,35.55120501,35.666515024808064,0.3243491037100765
2024-09-13,32.3967652,36.169854686774165,11.646500703021328
2024-09-16,37.55362618,34.77092196048397,7.409948126388988
2024-09-17,33.32557282,36.39208633914055,9.201682850895255
2024-09-18,37.11836874,34.65103382753713,6.647207289053064
2024-09-19,35.65690777,35.62300449939722,0.09508191462217191
2024-09-20,37.55283865,35.19894569424207,6.268215773770615
2024-09-23,33.95035799,36.0909124034107,6.304953880136383
2024-09-24,37.06834879,34.96960137557906,5.66183140854422
2024-09-25,32.45871955,36.46660807113466,12.347648264315653
2024-09-26,34.80968758,34.58583903616872,0.6430639267210588
2024-09-27,36.94632966,35.49586036892977,3.9258819601790846
2024-09-30,37.9177276,35.91509983647438,5.281507859995324
2024-10-01,37.34375231,36.305449229145864,2.780393015235632
2024-10-02,38.69636537,36.17785469949584,6.50839076596243
2024-10-03,39.84959335,36.94777710739028,7.2819218432745165
2024-10-04,37.99883692,37.34332491090943,1.7250844031638106
2024-10-07,39.70550154,37.78329553814956,4.8411578428595785
2024-10-08,36.69594047,38.759946819706556,5.624617664163548
2024-10-09,36.99378453,37.971226191526796,2.642178068410771
2024-10-10,37.20545004,37.932923650295564,1.9552877589531812
2024-10-11,37.09738692,38.02168881143948,2.4915552500577145
2024-10-14,39.20289938,37.79570388960895,3.589518919891294
2024-10-15,34.12128674,38.237734256276426,12.064162608061196
2024-10-16,38.78613284,36.50155098524853,5.89020272831993
2024-10-17,37.33989416,37.660684806283285,0.8591096828199613
2024-10-18,35.09255683,37.27458468031175,6.217922110612275
2024-10-21,35.26290156,36.44800677664476,3.3607705668471293
2024-10-22,36.6072537,36.332626623256104,0.7501985234797801
2024-10-23,36.79758275,36.57675567210261,0.6001130003502466
2024-10-24,35.98919193,36.40958394275697,1.1681062847274946
2024-10-25,35.01814089,36.47170211926783,4.150880635936106
2024-10-28,35.88782867,36.00510696489721,0.32679128061946167
2024-10-29,35.88186615,36.15408107512164,0.7586420505100678
2024-10-30,34.45372487,36.21893348890975,5.1234188047016405
2024-10-31,34.24812686,35.723071397791024,4.306642940854328
2024-11-04,35.4815458,35.46538144260508,0.04555708335266671
2024-11-05,35.47418935,35.76239441661764,0.8124359482160667
2024-11-06,36.44551548,35.662031369313624,2.1497407852999686
2024-11-07,34.56587386,35.984485107527334,4.104080380762375
2024-11-08,38.7417351,35.34120200787045,8.777441390665928
2024-11-11,35.39176427,36.52767663043748,3.209538670555459
2024-11-12,37.79662501,35.75229935555832,5.408751849935816
2024-11-13,38.59813065,36.760500635120366,4.760930086337319
2024-11-14,40.56323475,37.07591221108748,8.597249603996444
2024-11-18,35.9226793,37.90552565517806,5.519761871375952
2024-11-19,40.2351125,36.876453474443466,8.347582041821143
2024-11-21,41.75466387,38.52071363353984,7.745123386764218
2024-11-22,39.53930819,38.98518091527549,1.401459206270719
2024-11-25,39.27409261,39.02319655217802,0.6388334934009203
2024-11-26,35.3604158,39.11167918409198,10.608651791057234
2024-11-27,38.69990316,37.71398630347868,2.5475951514534
2024-11-29,38.34193581,38.334900074230404,0.018349975349349117
2024-12-02,37.31541636,38.546852515282865,3.300073469374158
2024-12-03,40.74894349,38.045225764693086,6.635062148225811
2024-12-04,40.66297247,38.77307399697593,4.647713529595955
2024-12-05,38.03185869,38.795781690491694,2.008639668964057
2024-12-06,40.23202817,38.14048143069976,5.198710665200455
2024-12-09,39.03529245,39.24010040234546,0.5246738002739411
2024-12-10,41.01275642,38.96053149705841,5.003869776333338
2024-12-11,38.34434552,39.64864817777351,3.4015514936699125
2024-12-12,35.75870488,39.21695191154845,9.67106343239701
2024-12-13,37.57200104,37.870097711748784,0.79340110586982
2024-12-16,34.58687142,38.12482087472689,10.22916878420249
2024-12-17,35.98054286,36.816829840345086,2.3242756052877582
2024-12-18,36.17939771,36.8200181223977,1.7706773825608133
2024-12-19,38.84559512,36.533023938289794,5.953239162809367
2024-12-20,39.32015699,37.16499187791209,5.481069449025906
2024-12-23,37.86760865,37.17570920708597,1.827153780184713
2024-12-26,36.0668181,37.13898851612598,2.972733588954935
2024-12-27,36.61422281,36.471112095627035,0.3908609916851221
